User_ID,App,Daily_Minutes_Spent,Posts_Per_Day,Likes_Per_Day,Follows_Per_Day,Cluster,PCA1,PCA2,Engagement_Score,User_Type
U_1,Pinterest,288,16,94,0,3,-1.0800911262255104,0.1562364175128483,42.4,Average User
U_2,Facebook,192,14,117,15,3,-0.8693079198846299,0.44468438710162267,55.50000000000001,Average User
U_3,Instagram,351,13,120,48,2,1.4025281059482904,1.0972411964844713,66.3,Average User
U_4,TikTok,21,20,117,8,3,-2.2005786020702107,1.1403029653664263,55.2,Average User
U_5,LinkedIn,241,16,9,21,0,-0.17659385427851132,0.08322343434416646,14.7,Average User
U_6,Twitter,464,3,137,30,2,1.4199199881869102,-0.6229089615282238,64.7,Average User
U_7,LinkedIn,229,1,188,25,2,-0.0036528010086166645,-0.5882076042431477,83.0,Passive Consumer
U_8,LinkedIn,8,19,179,48,1,-0.5898982014763877,2.4349797757492713,91.70000000000002,High Engager
U_9,TikTok,80,7,14,25,3,-0.5157586240738057,-0.9638199401065288,15.200000000000001,Average User
U_10,Snapchat,428,6,4,41,0,1.9480924529069497,-0.8777692785413693,15.7,Average User
U_11,Snapchat,52,18,124,26,1,-1.2002861626460994,1.3520985982934912,62.8,Average User
U_12,Facebook,314,18,132,28,2,0.14732987369260303,1.3823083055756928,66.60000000000001,Average User
U_13,LinkedIn,26,17,198,18,3,-1.8230548999267864,1.5522012975131292,89.7,High Engager
U_14,Instagram,427,0,110,19,2,0.903383623298761,-1.484774844476444,49.7,Average User
U_15,Facebook,434,2,111,16,2,0.7394414902477854,-1.2807965046788028,49.800000000000004,Average User
U_16,Twitter,494,10,93,49,0,2.298758785485431,0.47907962366226364,54.900000000000006,Average User
U_17,Snapchat,32,2,81,8,3,-1.5076931125265542,-1.5748151590416473,35.4,Average User
U_18,Snapchat,104,19,3,49,1,0.326637895369507,1.1800967635991526,21.6,Active Poster
U_19,LinkedIn,431,7,14,38,0,1.7749182063905111,-0.7450623002331049,19.1,Average User
U_20,Snapchat,347,16,187,21,2,-0.06875092626904468,1.318390515746762,85.89999999999999,Average User
U_21,LinkedIn,52,19,51,33,1,-0.7511463979516286,1.141990186016025,36.0,Average User
U_22,Facebook,100,19,42,9,3,-1.5678554495881298,0.4722143206015162,25.2,Active Poster
U_23,Pinterest,214,9,122,16,3,-0.574328178071658,-0.18367223401119143,56.300000000000004,Average User
U_24,Facebook,221,15,127,22,2,-0.46942130038284374,0.8164505019419684,61.900000000000006,Average User
U_25,Instagram,280,13,42,15,0,-0.23736470843743807,-0.2506753136758023,25.2,Average User
U_26,LinkedIn,355,0,128,38,2,1.3592958073045294,-0.8673303984279699,62.6,Average User
U_27,Twitter,188,3,5,15,3,-0.2914861304269308,-1.8515146226249524,7.4,Low Engager
U_28,TikTok,77,2,192,13,3,-1.3200851657080153,-0.675148266029881,81.30000000000001,Passive Consumer
U_29,Twitter,337,18,21,44,0,1.2284471895293108,0.9807782796593407,27.0,Active Poster
U_30,TikTok,199,5,186,40,2,0.4006025387441936,0.3219293873999467,87.9,Average User
U_31,TikTok,321,4,136,18,2,0.15882414640699652,-0.7480199905327954,61.00000000000001,Average User
U_32,Twitter,119,17,97,3,3,-1.8075210264316701,0.4370180791813531,44.800000000000004,Average User
U_33,TikTok,396,10,37,36,0,1.3695130251061793,-0.21133911759288565,28.6,Average User
U_34,Pinterest,112,8,82,21,3,-0.725422295721634,-0.4516960089026277,41.5,Average User
U_35,Snapchat,63,0,86,44,1,0.3006471382969969,-0.9333602638897416,47.599999999999994,Average User
U_36,Twitter,108,0,163,40,1,0.16459139410076315,-0.4974393683224773,77.2,Passive Consumer
U_37,TikTok,252,3,6,39,0,1.089360651616323,-1.2711249563338407,15.0,Low Engager
U_38,LinkedIn,233,15,197,25,2,-0.43775710689717423,1.3847825619529033,90.80000000000001,Average User
U_39,Pinterest,180,20,127,3,3,-1.6719228000805928,1.0419954204784527,57.7,Average User
U_40,Twitter,289,20,131,14,2,-0.6589552078941199,1.3100841376556627,62.60000000000001,Average User
U_41,Facebook,75,10,19,38,1,-0.06410088817160584,-0.19691129761143078,22.0,Average User
U_42,Twitter,51,10,21,9,3,-1.480100111707654,-0.890870063026114,14.1,Average User
U_43,Facebook,187,20,146,20,2,-0.9226169456937228,1.5943136434485286,70.4,High Engager
U_44,LinkedIn,215,10,157,31,2,-0.011192665969471275,0.5712954003651631,75.10000000000001,Average User
U_45,Facebook,202,1,64,12,3,-0.430791149867387,-1.7828322778274175,29.5,Average User
U_46,Pinterest,206,11,150,1,3,-1.408993829908233,-0.07924325653115903,63.599999999999994,Average User
U_47,Pinterest,295,1,47,23,0,0.552425473796353,-1.6594518047814466,26.0,Average User
U_48,Pinterest,43,19,16,38,1,-0.4914605090914082,1.0189855544934971,23.5,Active Poster
U_49,LinkedIn,5,7,38,40,1,-0.2667870407616243,-0.4014745003318421,29.3,Average User
U_50,LinkedIn,167,10,33,27,1,-0.13893493051285982,-0.39529567786150743,24.300000000000004,Average User
U_51,Facebook,78,9,166,22,3,-1.070254175587189,0.3166656093227755,75.7,Average User
U_52,Pinterest,319,19,170,21,2,-0.25893239054546485,1.6149275011940822,80.0,High Engager
U_53,Pinterest,172,2,151,44,1,0.6207101580368933,-0.22983010429921713,74.2,Passive Consumer
U_54,Snapchat,485,13,40,24,0,1.167908637984183,-0.10242776699066655,27.099999999999998,Average User
U_55,Snapchat,402,14,41,40,0,1.4444175309206266,0.45976383919083136,32.6,Average User
U_56,Twitter,215,1,120,10,3,-0.5852920933498625,-1.4376577113248643,51.3,Average User
U_57,Facebook,104,20,46,27,1,-0.7850156167310612,1.079823387029483,32.5,Average User
U_58,LinkedIn,363,7,194,24,2,0.4053668726369222,0.20956333313128833,86.9,Average User
U_59,Facebook,312,9,96,15,2,-0.08171998070758811,-0.4216713553808393,45.60000000000001,Average User
U_60,TikTok,39,14,80,32,1,-0.7710966953388555,0.6451521806204603,45.800000000000004,Average User
U_61,LinkedIn,260,10,159,19,2,-0.3321394164073007,0.27654272476960445,72.3,Average User
U_62,LinkedIn,379,17,48,44,0,1.402042370488837,1.024176519380936,37.5,Average User
U_63,Facebook,208,15,92,9,3,-1.032682984987777,0.2507232097497692,44.00000000000001,Average User
U_64,Pinterest,341,13,4,41,0,1.3076803486463087,0.1025410363958326,17.799999999999997,Average User
U_65,Snapchat,28,9,53,15,3,-1.3669076946249905,-0.6450949230530902,28.400000000000002,Average User
U_66,Instagram,407,13,192,18,2,0.17100750642575716,0.8532471156946447,86.10000000000002,Average User
U_67,Facebook,498,16,176,18,2,0.5584103224348834,1.1223742782920634,80.60000000000001,Average User
U_68,TikTok,21,6,38,43,1,-0.02398692749997201,-0.4685743879367012,29.9,Average User
U_69,TikTok,474,8,112,7,2,0.3447930314463403,-0.6885971487534729,49.300000000000004,Average User
U_70,Instagram,36,20,134,43,1,-0.6042413876170506,2.119959662727338,72.5,Average User
U_71,Twitter,461,20,156,6,2,-0.23530053118399208,1.2407032461534018,70.2,High Engager
U_72,Pinterest,178,18,135,5,3,-1.5489164376026323,0.8759134842135485,60.9,Average User
U_73,Snapchat,361,18,190,48,2,1.135918532048644,2.2743670495292725,95.80000000000001,High Engager
U_74,Pinterest,24,15,31,3,3,-2.057066829870722,-0.2776853552995963,17.799999999999997,Average User
U_75,Snapchat,149,4,153,15,3,-0.8522635540611243,-0.6512013261238931,66.9,Passive Consumer
U_76,Snapchat,250,11,200,13,2,-0.7737474195121843,0.559509255818762,87.2,Average User
U_77,Instagram,251,19,67,47,1,0.8067433429859331,1.5432933033294616,46.6,Average User
U_78,TikTok,153,7,107,4,3,-1.3109274119243854,-0.8414543479510291,46.10000000000001,Average User
U_79,Instagram,394,17,23,7,0,-0.11901135396298093,-0.07039864120334531,16.400000000000002,Active Poster
U_80,LinkedIn,344,1,125,10,2,0.031837598233824586,-1.4395209342436053,53.3,Average User
U_81,Instagram,454,10,112,39,2,1.613852592756961,0.3792078932771056,59.5,Average User
U_82,Instagram,59,8,96,9,3,-1.55146959093465,-0.6326762793606306,43.50000000000001,Average User
U_83,Instagram,289,19,15,33,0,0.48639745212262175,0.8172085839206411,21.6,Active Poster
U_84,Facebook,497,4,17,19,0,1.3343233802916254,-1.6207327987107132,13.7,Low Engager
U_85,Twitter,450,18,142,44,2,1.5012730722520427,1.8085365893949352,75.4,Average User
U_86,Twitter,74,20,197,12,3,-1.9474473497203928,1.792520119236513,88.4,High Engager
U_87,Facebook,492,17,116,45,2,1.8411930115910138,1.49966450122721,65.0,Average User
U_88,Snapchat,156,18,3,14,3,-0.951320487201663,0.16546688216940586,10.8,Active Poster
U_89,Twitter,335,10,33,25,0,0.5904467249208097,-0.4933525617741234,23.700000000000003,Average User
U_90,Pinterest,114,11,60,39,1,0.0455203773036425,0.24446159584926627,39.0,Average User
U_91,Snapchat,31,8,143,21,3,-1.2601871001386895,0.005627634952582009,65.9,Average User
U_92,Pinterest,316,12,117,2,3,-0.7834891161093689,-0.1847476724850819,51.00000000000001,Average User
U_93,TikTok,189,19,111,25,1,-0.5784049613439197,1.3316791076196155,57.60000000000001,Average User
U_94,Snapchat,106,20,144,42,1,-0.3307318314057603,2.146111561289705,76.2,High Engager
U_95,Pinterest,227,3,53,13,3,-0.3009224916712969,-1.5707777860302472,26.0,Average User
U_96,Pinterest,267,17,192,35,2,0.12391990631185314,1.858839071815655,92.4,High Engager
U_97,Twitter,36,13,132,16,3,-1.5883670615382912,0.4848395412430924,61.5,Average User
U_98,Snapchat,9,14,117,48,1,-0.2880542972306667,1.3115580088800467,65.4,Average User
U_99,Pinterest,122,1,146,40,1,0.24092099247063456,-0.48596416107293866,70.7,Passive Consumer
U_100,Instagram,479,16,61,6,0,0.19422790032335902,0.014096052201298438,31.000000000000004,Average User
U_101,LinkedIn,82,13,137,8,3,-1.732783153653947,0.30977313450807165,61.1,Average User
U_102,Pinterest,17,18,133,11,3,-2.061049742544712,1.0563565652066156,61.9,Average User
U_103,Pinterest,413,19,123,9,2,-0.22860060483990832,0.9574770872503314,57.60000000000001,Average User
U_104,Twitter,159,16,80,10,3,-1.230192429753536,0.34069427179593653,39.8,Average User
U_105,TikTok,148,1,124,13,3,-0.7870540381148704,-1.3157930193936302,53.8,Average User
U_106,Instagram,485,5,193,18,2,0.7961908283749985,-0.25377923778301403,84.10000000000001,Average User
U_107,LinkedIn,61,9,41,24,3,-0.7768205832020999,-0.5180693997460215,26.3,Average User
U_108,Pinterest,325,6,6,41,0,1.4415872515535375,-0.8336653428167269,16.5,Average User
U_109,Snapchat,391,0,117,17,2,0.622612744790752,-1.4738683653555265,51.900000000000006,Average User
U_110,Snapchat,441,14,178,4,2,-0.2870021079301565,0.5350136661122865,76.60000000000001,Average User
U_111,Instagram,405,13,108,21,2,0.4880354343582062,0.3304085425539299,53.4,Average User
U_112,LinkedIn,175,18,167,40,1,-0.07473229965772013,1.96747039691472,84.2,High Engager
U_113,TikTok,419,6,94,35,0,1.4297768088991591,-0.38304875414117723,49.9,Average User
U_114,Facebook,498,18,199,50,2,1.8721206143339513,2.3479509628987123,100.00000000000001,High Engager
U_115,LinkedIn,457,16,124,29,2,0.9690127206138239,1.0357115812255295,63.099999999999994,Average User
U_116,Pinterest,42,16,96,19,3,-1.4353350275820516,0.7103676600562564,48.900000000000006,Average User
U_117,Snapchat,280,9,154,8,2,-0.6832775641342896,-0.1725194134464752,66.7,Average User
U_118,Instagram,10,18,99,30,1,-1.16900390666029,1.285126008696139,54.0,Average User
U_119,Facebook,256,1,32,11,3,-0.13881643336786137,-2.0507384431955398,16.400000000000002,Low Engager
U_120,Snapchat,41,1,101,30,1,-0.49683149460868414,-1.0291032093874863,49.7,Average User
U_121,Snapchat,319,20,5,45,0,1.1602593043103573,1.1697475251597025,21.5,Active Poster
U_122,Instagram,50,8,168,12,3,-1.626729224967175,-0.04402835892360067,73.2,Average User
U_123,LinkedIn,129,1,1,31,1,0.20622458739733163,-1.741161323953938,9.999999999999998,Low Engager
U_124,TikTok,40,17,152,44,1,-0.4886701421899418,1.8621571066622082,79.10000000000001,High Engager
U_125,Twitter,436,19,29,28,0,0.9473939065765417,0.7508298055073405,25.700000000000003,Active Poster
U_126,Pinterest,275,18,4,27,0,0.20653742579013193,0.45863926540987965,15.1,Active Poster
U_127,Facebook,464,5,17,22,0,1.2765018258234921,-1.4007402187630364,14.9,Average User
U_128,LinkedIn,368,2,16,33,0,1.3947671623091864,-1.5180572573479283,16.9,Low Engager
U_129,Facebook,20,9,11,16,3,-1.2648225523848082,-0.9168136051183235,11.899999999999999,Average User
U_130,Twitter,137,4,35,1,3,-1.2647202192577798,-1.8321662695106815,15.5,Low Engager
U_131,Pinterest,78,8,9,37,1,-0.009310997222750571,-0.566438366626866,17.1,Average User
U_132,Pinterest,382,6,48,33,0,1.2658213119021426,-0.7487826741295893,30.900000000000006,Average User
U_133,Facebook,49,15,11,49,1,0.16395281350471635,0.7071920652667517,23.6,Average User
U_134,Twitter,396,20,143,8,2,-0.4329209177918376,1.2164253363512925,65.60000000000001,High Engager
U_135,Snapchat,218,17,157,33,2,-0.12376698115785133,1.5748171915683327,77.80000000000001,High Engager
U_136,Facebook,39,18,43,44,1,-0.2742021332556966,1.2236893424561772,35.8,Active Poster
U_137,Instagram,145,14,25,17,3,-0.7978308374174663,-0.14665509361940893,19.299999999999997,Average User
U_138,Pinterest,295,2,167,42,2,1.0940732540778386,-0.20104221775089132,79.99999999999999,Passive Consumer
U_139,Instagram,277,15,67,35,0,0.521497541022697,0.6940734223393153,41.8,Average User
U_140,TikTok,297,18,123,7,2,-0.8522112110067706,0.80536935041025,56.7,Average User
U_141,Snapchat,253,18,50,43,1,0.7078993173604704,1.1867313714637109,38.3,Average User
U_142,Pinterest,332,10,50,39,0,1.1617058558865396,-0.026337655471154013,34.7,Average User
U_143,Facebook,173,17,43,44,1,0.4096960229867132,1.0483773252019712,35.5,Active Poster
U_144,Twitter,384,10,7,26,0,0.933553553270612,-0.6678165182619739,13.600000000000001,Average User
U_145,Instagram,481,4,94,17,0,0.9902909440808482,-1.1177955565106448,43.900000000000006,Average User
U_146,Snapchat,288,15,152,0,2,-1.1823357659164742,0.43228757497138265,65.30000000000001,Average User
U_147,Snapchat,447,2,171,25,2,1.066757288365944,-0.6359124867607266,76.5,Passive Consumer
U_148,LinkedIn,231,6,9,30,0,0.48564177018042004,-1.0563222639162793,14.4,Average User
U_149,Snapchat,78,17,194,19,2,-1.5158413757717393,1.5333287615676923,88.4,High Engager
U_150,Instagram,346,3,64,35,0,1.2357032595478061,-0.9845449136872703,37.0,Average User
U_151,Twitter,417,20,55,6,0,-0.217813429332251,0.5351660649678498,29.8,Average User
U_152,Pinterest,34,19,119,39,1,-0.7271691998436495,1.7787819171404229,65.0,Average User
U_153,Facebook,479,17,68,0,0,-0.12058645839686993,0.052357128306785475,32.300000000000004,Average User
U_154,Pinterest,134,9,128,30,1,-0.35302963555195277,0.2274493972039895,62.900000000000006,Average User
U_155,TikTok,246,14,81,41,1,0.6370345198479114,0.814155218889845,48.9,Average User
U_156,Pinterest,105,4,144,5,3,-1.4923733493750622,-0.9490457556577141,60.300000000000004,Passive Consumer
U_157,LinkedIn,418,12,126,8,2,-0.03929432610114876,-0.002369633544833112,56.400000000000006,Average User
U_158,LinkedIn,296,1,154,49,2,1.4721730264696533,-0.25760459972186894,76.6,Passive Consumer
U_159,LinkedIn,384,12,71,17,0,0.3230338289926608,-0.16171904790739003,37.1,Average User
U_160,LinkedIn,426,2,14,47,0,2.3068999684029086,-1.2038643857166593,20.3,Low Engager
U_161,LinkedIn,191,12,75,44,1,0.5785553915670617,0.5885421251916482,46.8,Average User
U_162,Facebook,369,6,94,13,0,0.20412809745923022,-0.9110675635623612,43.3,Average User
U_163,Twitter,389,1,200,11,2,0.12355603273078221,-0.8945229825418756,83.6,Passive Consumer
U_164,Twitter,489,0,115,33,2,1.8189361607889192,-1.121959093495761,55.9,Average User
U_165,Pinterest,371,7,35,20,0,0.6308696634464348,-1.0221896262654957,22.1,Average User
U_166,Instagram,50,20,95,42,1,-0.491112371514788,1.8138741632628228,56.6,Average User
U_167,Facebook,492,3,182,6,2,0.3817677336550786,-0.9028404635882245,75.5,Passive Consumer
U_168,Instagram,444,15,193,27,2,0.6888908802966237,1.3444445375058849,89.8,Average User
U_169,TikTok,145,10,155,47,1,0.36647622802483426,0.9719412167390247,79.1,Average User
U_170,Snapchat,377,1,130,18,2,0.5382561720960733,-1.2162533455602138,57.699999999999996,Average User
U_171,LinkedIn,299,11,67,9,3,-0.4081501012653091,-0.4992284405234637,32.800000000000004,Average User
U_172,TikTok,477,19,101,6,2,-0.0001293804155680758,0.7084685595003503,47.900000000000006,Average User
U_173,Twitter,493,12,182,41,2,1.6706023975628288,1.1879247667182726,88.69999999999999,Average User
U_174,LinkedIn,33,2,22,50,1,0.5073743909283185,-0.9589800048260717,24.4,Low Engager
U_175,Instagram,180,20,30,4,3,-1.4045737718115,0.3768016606288015,19.2,Active Poster
U_176,Snapchat,268,15,91,28,0,0.11008186856428247,0.6947486290997515,49.3,Average User
U_177,LinkedIn,220,14,196,6,2,-1.3159778836911125,0.7764599006816818,84.4,Average User
U_178,Instagram,391,1,141,13,2,0.3580391483651695,-1.2653847147759376,60.6,Average User
U_179,Instagram,90,10,90,9,3,-1.4484797351927965,-0.4114630672336404,41.7,Average User
U_180,TikTok,219,13,106,39,1,0.3897157392533708,0.8140261219193775,58.0,Average User
U_181,Instagram,161,16,92,11,3,-1.203362182907995,0.45011699870769445,44.9,Average User
U_182,TikTok,107,18,50,20,3,-1.0301884113667612,0.6619018463513225,31.4,Average User
U_183,Twitter,370,20,188,10,2,-0.5736648604124135,1.5933235643515742,84.2,High Engager
U_184,TikTok,25,8,48,37,1,-0.35712124636100523,-0.2736991961708377,32.7,Average User
U_185,TikTok,193,4,20,47,1,1.0958806445324265,-0.8207224208965183,23.299999999999997,Low Engager
U_186,TikTok,413,0,140,46,2,1.9714659278136968,-0.6015319984594267,69.8,Average User
U_187,TikTok,425,15,129,20,2,0.430794311783942,0.7221738651381652,62.1,Average User
U_188,Snapchat,89,1,5,14,3,-0.7566965463189765,-2.120332684947663,6.5,Low Engager
U_189,Facebook,97,6,86,43,1,0.2361484904100377,-0.14925085567574778,49.099999999999994,Average User
U_190,TikTok,175,4,147,12,3,-0.8457002839460145,-0.7753957727676868,63.60000000000001,Passive Consumer
U_191,LinkedIn,26,2,47,16,3,-1.1017750991948323,-1.617597680723231,24.200000000000003,Average User
U_192,Twitter,272,7,1,28,0,0.5836039235260192,-1.037992989376776,10.9,Average User
U_193,Twitter,21,15,180,37,1,-0.8961518428720155,1.6213032408695587,87.6,Average User
U_194,Facebook,28,2,95,23,3,-0.889782473457518,-1.1041856731029172,45.5,Average User
U_195,LinkedIn,255,18,137,17,2,-0.6426545945307545,1.1637217300642033,65.3,Average User
U_196,TikTok,459,13,165,14,2,0.30784700523400393,0.5475001190918278,74.10000000000001,Average User
U_197,Twitter,80,18,6,3,3,-1.8195529840743667,-0.06241181155665707,8.7,Active Poster
U_198,Facebook,230,12,162,41,2,0.4349383578172297,1.1219827431428417,80.69999999999999,Average User
U_199,LinkedIn,27,6,77,26,1,-0.8431128710668366,-0.6121739126438713,40.4,Average User
U_200,Facebook,141,0,165,13,3,-0.8843771786137826,-1.158613407655924,69.9,Passive Consumer
U_201,Twitter,284,16,9,35,0,0.6578527857971551,0.415991575526027,18.9,Average User
U_202,Twitter,149,3,169,1,3,-1.482986002121496,-1.0190921840534914,68.80000000000001,Passive Consumer
U_203,Pinterest,10,6,63,7,3,-1.7419010585267398,-1.1753520093153778,29.100000000000005,Average User
U_204,LinkedIn,487,19,25,21,0,0.8926430208674642,0.5349660104470773,22.0,Active Poster
U_205,TikTok,231,14,50,42,1,0.6797529895321874,0.6226980841694485,36.8,Average User
U_206,Facebook,245,5,107,41,1,0.8507788614382755,-0.22859477123873218,56.6,Average User
U_207,Pinterest,58,12,58,27,1,-0.7893333665904155,0.08700010296897813,34.900000000000006,Average User
U_208,Instagram,436,1,8,16,0,1.0165997252742915,-2.150340829306343,8.3,Low Engager
U_209,LinkedIn,23,3,62,8,3,-1.538849204306167,-1.5708914791311785,28.099999999999998,Average User
U_210,TikTok,250,1,100,50,1,1.4166383861485632,-0.60364229374658,55.3,Average User
U_211,Snapchat,169,20,14,8,3,-1.2428943199463451,0.36484308380293073,14.000000000000002,Active Poster
U_212,Pinterest,150,8,86,32,1,-0.05843369795345977,-0.1630102996986268,46.4,Average User
U_213,LinkedIn,210,3,25,20,0,-0.007019327844724257,-1.5923580170538345,16.9,Low Engager
U_214,LinkedIn,213,9,87,43,1,0.7063427917275262,0.23352608001598876,50.400000000000006,Average User
U_215,Twitter,492,2,83,42,0,2.2469076552429073,-0.8555908973602497,46.400000000000006,Average User
U_216,Twitter,299,19,12,34,0,0.5866513396428479,0.8176320802846448,20.7,Active Poster
U_217,Snapchat,491,0,124,21,2,1.2723807933297788,-1.3544542612171289,55.9,Average User
U_218,TikTok,410,5,182,48,2,1.7950691256485678,0.42955238114848626,88.69999999999999,Average User
U_219,Instagram,211,15,18,38,1,0.44629686493539417,0.4387175182027186,23.1,Average User
U_220,Twitter,406,4,178,43,2,1.592502925497748,0.1425255208108949,85.30000000000001,Passive Consumer
U_221,Snapchat,418,12,78,38,0,1.4100069668768032,0.3960644407489596,46.2,Average User
U_222,Twitter,143,0,12,13,3,-0.5233423529671577,-2.2473137202946663,8.700000000000001,Low Engager
U_223,Facebook,461,11,141,7,2,0.12208943876290543,-0.06926441617274719,61.800000000000004,Average User
U_224,Twitter,81,8,9,15,3,-0.9766936987447946,-1.1098323954483302,10.5,Average User
U_225,TikTok,143,2,141,14,3,-0.8367381430947648,-1.0323413011879063,61.20000000000001,Average User
U_226,Instagram,296,16,194,15,2,-0.6011616916677827,1.2350077932593995,86.9,Average User
U_227,Instagram,222,13,14,42,1,0.7494764341734464,0.23284188693507693,22.1,Average User
U_228,Facebook,170,17,4,28,0,-0.2295615011045226,0.3773209543958208,15.1,Active Poster
U_229,Instagram,29,20,172,31,1,-1.2612374252082115,2.0963203705658073,84.1,High Engager
U_230,Twitter,234,11,120,37,1,0.4032403727048706,0.5870432097956744,62.4,Average User
U_231,Snapchat,201,13,173,50,1,0.6391711099206859,1.567006805359157,88.10000000000001,Average User
U_232,Instagram,403,8,128,3,2,-0.21646779425403312,-0.652850496629055,54.5,Average User
U_233,Instagram,132,12,149,22,3,-0.8608542660283912,0.5894145194715485,69.8,Average User
U_234,TikTok,218,0,107,5,3,-0.7330836332124875,-1.790722326645459,44.300000000000004,Average User
U_235,Snapchat,434,10,87,47,0,1.930885340716994,0.40449381593327915,51.900000000000006,Average User
U_236,Instagram,166,15,123,33,1,-0.23724840679596215,1.0752202002689402,63.6,Average User
U_237,Snapchat,336,8,167,40,2,1.0190487779892774,0.5563763314090888,81.2,Average User
U_238,Twitter,99,8,42,41,1,0.19579834875088012,-0.23919718192384132,31.5,Average User
U_239,LinkedIn,155,19,169,31,1,-0.6094347992310851,1.9019934526028563,82.60000000000001,High Engager
U_240,Instagram,53,2,82,33,1,-0.291746471282526,-0.9572910884435009,43.300000000000004,Average User
U_241,Pinterest,11,12,190,7,3,-2.2141631903790278,0.5462016333895542,81.69999999999999,Average User
U_242,Pinterest,324,8,151,49,2,1.399037452696556,0.6680087015587669,77.5,Average User
U_243,Pinterest,251,15,125,23,2,-0.2740045473293468,0.8181839249018777,61.4,Average User
U_244,TikTok,16,9,102,48,1,-0.06488501977602305,0.5206547716383995,57.900000000000006,Average User
U_245,Pinterest,7,13,138,27,1,-1.2524576961227019,0.8071856409187149,67.2,Average User
U_246,Twitter,34,17,93,28,1,-1.0966263743541336,1.049733107675477,50.7,Average User
U_247,Facebook,496,0,121,24,2,1.4375428295034152,-1.3032599330583525,55.60000000000001,Average User
U_248,Instagram,400,1,101,50,0,2.1452839175181553,-0.6400451694532494,55.7,Average User
U_249,Pinterest,403,10,105,3,2,-0.22550708532067937,-0.5435464667208794,45.9,Average User
U_250,LinkedIn,266,2,68,18,3,0.1087880985699082,-1.4885511565456009,33.2,Average User
U_251,Facebook,420,16,50,14,0,0.2890717626585166,0.1502623620810769,29.0,Average User
U_252,Facebook,249,19,158,35,2,0.052423698217204946,1.8951340163602584,79.4,High Engager
U_253,TikTok,423,13,115,45,2,1.6309507747639356,0.9668141159760677,63.4,Average User
U_254,LinkedIn,118,12,45,30,1,-0.33319937199362504,0.05112005295980671,30.6,Average User
U_255,Instagram,388,2,153,37,2,1.3562189267784748,-0.45088877135032546,72.9,Passive Consumer
U_256,Twitter,20,0,76,26,3,-0.6893851735804971,-1.435888045677807,38.2,Average User
U_257,TikTok,118,20,193,25,2,-1.1435801748110435,2.071890407516197,90.7,High Engager
U_258,Pinterest,417,14,79,16,0,0.35898905274215226,0.1338203440946719,40.6,Average User
U_259,LinkedIn,83,12,78,16,3,-1.2044306658196768,-0.04927630208581041,39.6,Average User
U_260,Twitter,470,6,33,49,0,2.4432633718068697,-0.48642706782923456,29.7,Average User
U_261,Snapchat,171,3,100,10,3,-0.8156289204857539,-1.2942536597869132,43.9,Average User
U_262,TikTok,436,0,29,8,0,0.6422158462552179,-2.3347111881358007,14.000000000000002,Low Engager
U_263,Instagram,327,20,180,18,2,-0.40774191914512187,1.7461839871060936,83.4,High Engager
U_264,Snapchat,141,0,22,3,3,-1.002412634323387,-2.4222162585195957,9.700000000000001,Low Engager
U_265,Pinterest,290,17,189,26,2,-0.158842272435249,1.608889590956805,88.5,High Engager
U_266,Pinterest,69,13,123,0,3,-2.121078800644369,0.01669651061141926,53.1,Average User
U_267,Pinterest,253,12,151,39,2,0.482999261136645,0.9877592807314766,75.7,Average User
U_268,Facebook,133,3,63,3,3,-1.2283035826963078,-1.7189912641641236,27.0,Average User
U_269,Twitter,118,0,35,32,1,0.15011814878707952,-1.6079444218663863,23.6,Low Engager
U_270,Facebook,156,17,55,24,1,-0.5934247572385327,0.6454483595350372,34.3,Average User
U_271,Snapchat,14,12,11,29,1,-0.8065577293966867,-0.18517434504855784,16.7,Average User
U_272,TikTok,195,9,141,47,1,0.6731912091392922,0.7214309252090345,73.2,Average User
U_273,Facebook,345,13,8,37,0,1.1394423653039274,0.031187548405458138,18.2,Average User
U_274,LinkedIn,419,0,103,2,3,0.12165275172226721,-1.95146021479627,41.800000000000004,Average User
U_275,Twitter,126,15,78,28,1,-0.5520280405321917,0.6434879628014172,44.1,Average User
U_276,Snapchat,219,10,188,15,2,-0.7770600143471074,0.396041072868421,82.7,Average User
U_277,Pinterest,105,10,95,12,3,-1.2529563122564418,-0.30627455442003704,44.6,Average User
U_278,Pinterest,290,7,183,49,2,1.190808890651724,0.7690139066079892,90.0,Average User
U_279,Instagram,397,16,169,44,2,1.2428623288653817,1.7430553636107065,85.60000000000001,Average User
U_280,LinkedIn,300,15,6,50,0,1.4431781168815268,0.6234780357695341,21.9,Average User
U_281,Facebook,34,18,161,30,1,-1.1944056409587878,1.719101208410955,78.80000000000001,High Engager
U_282,Facebook,161,8,192,7,3,-1.3641188008526388,-0.028844630274714216,81.30000000000001,Average User
U_283,Instagram,7,12,189,43,1,-0.6244473603151396,1.4280162402989878,92.10000000000001,Average User
U_284,Facebook,91,1,129,20,3,-0.7638368200397865,-1.0910767372769468,57.9,Average User
U_285,LinkedIn,86,17,56,6,3,-1.7402826133390594,0.22898409467682018,29.3,Average User
U_286,Instagram,398,20,56,18,0,0.22294183587127578,0.8437118686456432,33.800000000000004,Average User
U_287,Twitter,342,18,82,26,0,0.30929973414916967,0.9692703997123268,46.0,Average User
U_288,Instagram,7,16,61,0,3,-2.3736200707314,0.0030615162120117417,29.200000000000003,Average User
U_289,Snapchat,100,4,70,37,1,0.08153225173654673,-0.684750150272981,40.3,Average User
U_290,Pinterest,325,14,98,31,2,0.5366006258065544,0.6655379771120353,52.7,Average User
U_291,Pinterest,216,4,146,38,1,0.5169336745179475,-0.1532372944171257,71.00000000000001,Passive Consumer
U_292,Twitter,320,6,131,47,2,1.3980403666153776,0.20473319038966004,68.3,Average User
U_293,Snapchat,264,18,124,28,2,-0.07794925640436787,1.3399180600908887,63.4,Average User
U_294,Twitter,269,10,121,14,2,-0.4242168574960598,-0.11962106491478017,55.60000000000001,Average User
U_295,TikTok,32,14,152,1,3,-2.3542491738979328,0.39477413432416075,65.3,Average User
U_296,Snapchat,452,3,70,34,0,1.693822809295346,-0.9972841451015911,39.099999999999994,Average User
U_297,TikTok,136,11,60,0,3,-1.5880957619812641,-0.7236671889653733,27.3,Average User
U_298,LinkedIn,68,3,33,15,3,-0.9405275321776468,-1.6175697120492183,18.6,Low Engager
U_299,Instagram,344,1,173,20,2,0.3679936366597145,-0.8515482205670114,75.5,Passive Consumer
U_300,Twitter,437,15,38,4,0,-0.015976739596455892,-0.32305258426440775,20.900000000000002,Average User
U_301,Instagram,396,3,48,2,0,0.04308423844914278,-1.9266257766200336,20.700000000000003,Average User
U_302,TikTok,67,20,69,4,3,-2.0447606359511337,0.6869467398398642,34.800000000000004,Average User
U_303,LinkedIn,492,16,186,42,2,1.5774869984384943,1.7870779037589648,91.8,Average User
U_304,Facebook,317,8,108,1,3,-0.6788936863157556,-0.819460290430357,45.9,Average User
U_305,Facebook,302,11,133,36,2,0.660116023347881,0.6351109938592915,67.3,Average User
U_306,Instagram,387,10,198,32,2,0.7774538121648307,0.8376463750509048,91.8,Average User
U_307,Facebook,299,18,35,10,0,-0.5065074842054739,0.2529227986288665,22.4,Active Poster
U_308,Snapchat,492,0,109,8,2,0.7314201962147209,-1.7820050085005041,46.0,Average User
U_309,LinkedIn,256,16,63,20,0,-0.27212046504146686,0.438254181225645,36.0,Average User
U_310,Twitter,248,11,79,40,1,0.6995071342152284,0.3653745967663644,46.9,Average User
U_311,TikTok,334,16,180,25,2,0.06251858322469676,1.3710192015076417,84.3,Average User
U_312,Instagram,421,18,43,11,0,0.11426001717824809,0.29908612330688883,25.9,Active Poster
U_313,Facebook,296,16,165,33,2,0.2688782853457595,1.4726458585994917,80.7,Average User
U_314,Facebook,73,19,42,22,1,-1.119151293632502,0.8006291856316572,29.1,Active Poster
U_315,TikTok,52,10,11,0,3,-1.8539950063516057,-1.1842206506078676,7.4,Average User
U_316,LinkedIn,239,13,110,20,2,-0.37010164603175016,0.36812851277209885,53.9,Average User
U_317,Pinterest,477,14,89,47,0,2.012135038242952,0.951998657825853,53.900000000000006,Average User
U_318,Instagram,359,2,60,16,0,0.4910670343226989,-1.6217458239617566,29.400000000000002,Average User
U_319,LinkedIn,135,0,194,22,2,-0.5784711184298696,-0.728686300240502,84.2,Passive Consumer
U_320,TikTok,443,0,93,37,0,1.8238386240397366,-1.1664356006333614,48.300000000000004,Average User
U_321,Facebook,440,5,185,47,2,1.8897329814625945,0.41752494561445913,89.6,Average User
U_322,Instagram,336,4,89,5,3,-0.24044304425769258,-1.4072127943150103,38.300000000000004,Average User
U_323,Twitter,15,3,135,33,1,-0.6295303686170781,-0.43289802760876994,64.8,Average User
U_324,Twitter,92,7,150,32,1,-0.457085102282224,0.17253794664194066,71.7,Average User
U_325,Facebook,85,11,180,14,3,-1.487226554803768,0.48979775097603445,79.5,Average User
U_326,Facebook,368,0,11,30,0,1.3341853252685025,-1.9004748894195478,13.4,Low Engager
U_327,Snapchat,69,8,160,45,1,-0.0427729494043902,0.7073502005988744,79.9,Average User
U_328,Facebook,415,0,184,17,2,0.5857309798229762,-1.0043336847361273,78.7,Passive Consumer
U_329,Twitter,167,6,174,45,1,0.4644788680358763,0.5056094540958929,84.9,Average User
U_330,Facebook,298,15,26,25,0,0.2716012749103003,0.14979191386487578,22.4,Average User
U_331,Snapchat,240,18,39,20,0,-0.3568308473079587,0.5450878906209132,27.0,Active Poster
U_332,Pinterest,406,11,182,19,2,0.29557848961137945,0.5342007799947313,81.8,Average User
U_333,Facebook,118,4,112,12,3,-1.0430978535123774,-1.0077765257824856,49.60000000000001,Average User
U_334,Instagram,363,11,115,27,2,0.5969657927761536,0.26745932807517064,57.4,Average User
U_335,LinkedIn,274,4,67,42,1,1.1594946200675935,-0.6332621257090325,40.6,Average User
U_336,Snapchat,169,11,48,19,3,-0.5516443177074132,-0.3500399686657079,28.200000000000003,Average User
U_337,LinkedIn,335,4,38,42,0,1.5233283565341424,-0.8572031221898992,29.0,Low Engager
U_338,Pinterest,264,1,42,19,0,0.23429852024120112,-1.7846589116263007,22.8,Low Engager
U_339,Facebook,446,8,131,21,2,0.7896365605604507,-0.2001059881074059,61.1,Average User
U_340,LinkedIn,374,19,63,12,0,-0.1469757367041786,0.6160576661838864,34.5,Average User
U_341,Instagram,58,17,32,11,3,-1.5984387200350207,0.18972219225013592,21.2,Active Poster
U_342,Instagram,95,7,18,39,1,0.17306157113246126,-0.5944814567819857,21.0,Average User
U_343,LinkedIn,387,18,183,34,2,0.6537770421615531,1.871798840012706,88.80000000000001,High Engager
U_344,Snapchat,415,16,149,45,2,1.4211318693280044,1.6202558370651234,77.9,Average User
U_345,Snapchat,404,8,55,1,0,-0.13325926946940733,-1.2216293557137372,24.7,Average User
U_346,LinkedIn,24,10,88,44,1,-0.2032268344482409,0.4565655795091525,51.400000000000006,Average User
U_347,Pinterest,166,3,139,47,1,0.7220101539256483,-0.103012937462305,70.6,Average User
U_348,TikTok,128,14,79,21,3,-0.8261094764223438,0.34095965309438636,42.1,Average User
U_349,Snapchat,37,5,91,10,3,-1.509786737596126,-1.046509887126328,40.9,Average User
U_350,Facebook,212,2,165,34,2,0.3371194826462069,-0.38846919392900403,76.8,Passive Consumer
U_351,Twitter,295,4,100,45,1,1.3199675327561284,-0.33068111070526746,54.7,Average User
U_352,Snapchat,236,5,177,12,2,-0.6482546254496111,-0.44329607353984457,75.89999999999999,Average User
U_353,Instagram,233,6,51,33,0,0.5328646995804841,-0.6842223121785038,32.1,Average User
U_354,Snapchat,354,9,35,45,0,1.6020930225114525,-0.12787606756748665,30.2,Average User
U_355,Facebook,486,4,9,8,0,0.8080882838094945,-1.9456987515781463,7.199999999999999,Low Engager
U_356,Snapchat,99,7,102,8,3,-1.3840406016159643,-0.7627078321790425,45.300000000000004,Average User
U_357,TikTok,200,6,71,18,3,-0.3434090606238278,-0.9023136842337977,35.6,Average User
U_358,Twitter,170,5,21,44,1,0.8166739200534245,-0.7444799477559885,23.1,Average User
U_359,Facebook,138,8,30,2,3,-1.3274256760107013,-1.2976003950567399,15.0,Average User
U_360,Pinterest,20,4,13,26,3,-0.6684316514382441,-1.338182220937038,14.2,Low Engager
U_361,Pinterest,116,18,16,38,1,-0.10481191143373411,0.8613695444735766,23.200000000000003,Active Poster
U_362,Twitter,340,8,59,14,0,0.12596194936661423,-0.8540332622276584,30.2,Average User
U_363,Pinterest,241,17,42,48,1,0.9218979259291828,1.1201794112290544,36.3,Active Poster
U_364,Twitter,332,6,40,33,0,1.0405421818051717,-0.7911729196143934,27.700000000000003,Average User
U_365,Snapchat,295,1,99,2,3,-0.504331944151157,-1.807496767058236,40.5,Average User
U_366,Twitter,293,19,95,33,1,0.3222087357475961,1.3849998844769673,53.6,Average User
U_367,Twitter,256,0,2,37,0,1.1215347321329678,-1.7593697374769153,11.9,Low Engager
U_368,Facebook,460,8,27,20,0,1.0520059753633295,-0.9684647393315009,19.200000000000003,Average User
U_369,Instagram,416,19,169,47,2,1.3765864085864508,2.220840464706611,87.4,High Engager
U_370,LinkedIn,126,2,115,48,1,0.6577567071616899,-0.37387315796964965,61.0,Average User
U_371,Facebook,27,1,56,3,3,-1.6669161274497621,-2.0109017406992367,23.6,Average User
U_372,Pinterest,403,9,115,35,2,1.2108224345365006,0.18025910442996723,59.2,Average User
U_373,Facebook,153,1,14,10,3,-0.6440379453292568,-2.173532600788489,8.9,Low Engager
U_374,Instagram,231,14,177,35,2,0.0757051775368492,1.3532877112510402,85.5,Average User
U_375,Twitter,440,11,73,22,0,0.8454325398910467,-0.17687874292191955,39.1,Average User
U_376,Instagram,232,14,130,48,1,0.768764042117669,1.3393206983590844,70.6,Average User
U_377,Facebook,25,4,76,47,1,0.14864977903264937,-0.37371969025109153,45.7,Average User
U_378,Twitter,159,3,112,37,1,0.3035273816052958,-0.5396051419848961,56.800000000000004,Average User
U_379,Instagram,228,18,88,7,3,-1.1080841035734095,0.5764697791464585,42.7,Average User
U_380,Snapchat,47,2,179,41,1,-0.1866052614858926,-0.06841521042500905,84.5,Passive Consumer
U_381,Instagram,295,7,125,32,2,0.5895225984854998,-0.06414944916884126,61.7,Average User
U_382,LinkedIn,483,16,48,42,0,1.8504793526603651,0.8082471171057279,36.6,Average User
U_383,TikTok,30,5,12,17,3,-1.0500578251093526,-1.4336978081691685,11.4,Average User
U_384,TikTok,389,2,3,16,0,0.7681276914531597,-2.0358268606515204,6.6,Low Engager
U_385,Instagram,243,19,177,15,2,-0.9131667455281108,1.5387972406879842,81.0,High Engager
U_386,Pinterest,500,3,89,4,0,0.5450069862003112,-1.615887935645993,37.7,Average User
U_387,TikTok,135,18,146,1,3,-1.9622548122997503,0.8679778980143672,64.10000000000001,High Engager
U_388,Instagram,75,9,32,0,3,-1.7592097166727159,-1.177981916866011,15.5,Average User
U_389,TikTok,84,19,18,43,1,-0.07307966801603029,1.1446161577023553,25.8,Active Poster
U_390,TikTok,364,19,121,16,2,-0.1503277951609846,1.130089308266594,58.900000000000006,Average User
U_391,LinkedIn,72,0,19,0,3,-1.4656670230286946,-2.497515661091835,7.6000000000000005,Low Engager
U_392,Pinterest,282,4,87,16,3,-0.00798921935516592,-1.1345094021054563,40.800000000000004,Average User
U_393,Pinterest,391,15,76,28,0,0.7438940213249444,0.5523880734381817,43.300000000000004,Average User
U_394,LinkedIn,46,12,30,47,1,0.10920814785918705,0.3845515856395132,29.7,Average User
U_395,LinkedIn,193,19,75,13,3,-1.011894165612844,0.7785684147984994,39.6,Average User
U_396,TikTok,479,20,15,35,0,1.4706058834578515,0.9478490332961799,22.5,Active Poster
U_397,LinkedIn,248,15,42,5,3,-0.9015106681011268,-0.2151162172631229,22.8,Average User
U_398,Instagram,303,9,48,14,0,-0.06000461181782054,-0.785091655450841,26.1,Average User
U_399,Facebook,438,11,10,20,0,0.8910621725870471,-0.6736683447596842,13.3,Average User
U_400,Pinterest,76,15,147,23,1,-1.1772818093615267,1.025412874750894,70.2,Average User
U_401,TikTok,189,7,46,40,1,0.6114665295050935,-0.397957451066615,32.5,Average User
U_402,TikTok,197,5,59,10,3,-0.6566435679757345,-1.3205063215957513,28.1,Average User
U_403,Snapchat,223,3,70,24,3,0.13155439585578838,-1.177453290345806,36.099999999999994,Average User
U_404,Pinterest,76,2,17,7,3,-1.1909756355772116,-2.067401017406595,9.5,Low Engager
U_405,LinkedIn,198,18,151,24,2,-0.6401014316603714,1.4524450778091365,73.00000000000001,High Engager
U_406,Pinterest,431,14,0,32,0,1.3227776800452729,-0.037518117719093594,13.8,Average User
U_407,LinkedIn,201,8,152,12,3,-0.8541786457386804,-0.20162356818510319,66.8,Average User
U_408,Instagram,361,14,4,42,0,1.4188519375258684,0.25783805754470973,18.4,Average User
U_409,Pinterest,88,4,49,19,3,-0.7321827415844896,-1.2745018429078967,26.5,Average User
U_410,Twitter,237,11,43,22,0,-0.0748948235146171,-0.33134563706155107,27.1,Average User
U_411,Snapchat,48,5,55,32,1,-0.39152660508829074,-0.7632054995273696,33.1,Average User
U_412,TikTok,403,2,79,29,0,1.2421260681533683,-1.1788019235209906,40.900000000000006,Average User
U_413,Facebook,127,15,195,30,2,-0.7265149480397526,1.5246100568879293,91.5,Average User
U_414,TikTok,177,17,27,40,1,0.28737816232144464,0.8347859135932646,27.9,Active Poster
U_415,Twitter,305,18,194,12,2,-0.75306193141819,1.4312940399176228,86.60000000000001,High Engager
U_416,Snapchat,176,7,156,22,2,-0.5078982109343875,-0.05576064552220459,71.1,Average User
U_417,LinkedIn,84,9,69,5,3,-1.5771232849496872,-0.7941517959890534,31.8,Average User
U_418,Snapchat,401,9,154,12,2,0.08489434259220915,-0.10898065063875612,67.89999999999999,Average User
U_419,TikTok,351,14,22,2,0,-0.4566629401209382,-0.5976536143766722,13.6,Average User
U_420,TikTok,298,0,0,31,0,1.0629717751910683,-1.9337386841628306,9.299999999999999,Low Engager
U_421,Pinterest,254,0,31,1,3,-0.5617069311790157,-2.4403106604451805,12.700000000000001,Low Engager
U_422,LinkedIn,108,7,68,44,1,0.3447916974487916,-0.11935707947011444,42.5,Average User
U_423,LinkedIn,210,16,159,20,2,-0.7166924587259986,1.134340744639166,74.4,Average User
U_424,LinkedIn,201,15,69,46,1,0.6375625825559619,1.0016065658160487,45.9,Average User
U_425,Twitter,307,12,75,21,0,0.11717888167918582,-0.012293201484390693,39.9,Average User
U_426,Snapchat,315,2,51,2,3,-0.32758849413162305,-2.018230932292616,21.600000000000005,Average User
U_427,TikTok,17,20,35,24,1,-1.3176149408659372,0.9528505876364213,27.2,Active Poster
U_428,Pinterest,380,13,28,6,0,-0.11965416379369152,-0.6011932354270294,16.900000000000002,Average User
U_429,Twitter,277,7,6,4,0,-0.4747857880687825,-1.595728073650678,5.7,Average User
U_430,Snapchat,184,12,111,2,3,-1.4129416323092692,-0.1891260503095057,48.60000000000001,Average User
U_431,TikTok,483,17,146,18,2,0.5232726366275446,1.0498076910879526,68.9,High Engager
U_432,TikTok,356,5,18,41,0,1.5960201451039786,-0.8937544625371241,21.0,Average User
U_433,Twitter,276,10,173,22,2,-0.15240710509229038,0.44544820473220675,78.8,Average User
U_434,Snapchat,29,20,193,23,1,-1.666545020299948,2.048388832770979,90.10000000000001,High Engager
U_435,LinkedIn,214,18,93,25,1,-0.3843295452779472,1.0599736933472237,50.1,Average User
U_436,Instagram,487,20,63,21,0,0.774471071708287,0.9416568863565372,37.5,Average User
U_437,Instagram,94,0,154,15,3,-0.9988765929889255,-1.1738892977227102,66.1,Passive Consumer
U_438,Twitter,17,19,108,47,1,-0.4276617070075267,1.9027640908916772,63.00000000000001,Average User
U_439,TikTok,85,18,68,45,1,-0.0628104484826007,1.4128023866328259,46.1,Average User
U_440,Twitter,327,3,108,28,2,0.7296380285787156,-0.8387307985159961,52.5,Average User
U_441,Snapchat,77,5,110,38,1,-0.10867297882244106,-0.23250304727966475,56.9,Average User
U_442,Instagram,491,19,34,20,0,0.8468343067110926,0.5731525124590646,25.3,Active Poster
U_443,Twitter,287,1,68,20,0,0.331316496463246,-1.5817617062459723,33.5,Average User
U_444,Snapchat,426,16,16,38,0,1.467648031552051,0.4985613738366407,22.6,Average User
U_445,Pinterest,254,0,35,41,0,1.2145663756894034,-1.4254562877511276,26.299999999999997,Low Engager
U_446,Twitter,461,12,110,35,2,1.4121620448224566,0.5371903748327372,58.1,Average User
U_447,Snapchat,88,7,77,34,1,-0.21969556227399592,-0.29614974124945015,43.099999999999994,Average User
U_448,Facebook,400,8,127,46,2,1.6905760123888836,0.40129519969594574,67.0,Average User
U_449,Instagram,470,12,160,39,2,1.5197639635202655,0.9888149763623513,79.3,Average User
U_450,TikTok,246,13,151,23,2,-0.2962179925810489,0.7316660759327047,71.20000000000002,Average User
U_451,Facebook,72,10,61,8,3,-1.514244975096493,-0.6371464535529715,29.8,Average User
U_452,Snapchat,16,6,135,1,3,-2.145794438374784,-0.8129970933604432,56.099999999999994,Average User
U_453,Snapchat,456,11,61,12,0,0.504587377980055,-0.5134647697535247,31.300000000000004,Average User
U_454,Pinterest,42,20,120,27,1,-1.2570425728044703,1.6240898101308479,62.1,Average User
U_455,Twitter,463,2,176,49,2,2.2045187538726716,-0.013150508741920778,85.7,Passive Consumer
U_456,Pinterest,225,11,100,24,3,-0.17496962957447212,0.12683396640022182,50.5,Average User
U_457,Facebook,362,0,105,38,0,1.4462145534667032,-1.032934699943806,53.4,Average User
U_458,TikTok,284,1,37,4,3,-0.32630907669883485,-2.19592290760479,16.3,Low Engager
U_459,Instagram,133,19,34,37,1,-0.1388601302838371,1.0962306529181847,30.4,Active Poster
U_460,LinkedIn,68,8,123,17,3,-1.2125137980177771,-0.24598461119506007,56.7,Average User
U_461,TikTok,270,10,40,23,0,0.1683604824954674,-0.4740332267549391,25.9,Average User
U_462,Snapchat,476,14,77,27,0,1.142085502563943,0.3737426081489111,43.1,Average User
U_463,TikTok,333,1,198,3,2,-0.5018282619502288,-1.089782617659754,80.4,Passive Consumer
U_464,Twitter,484,19,104,25,2,0.875185438683184,1.1963167829742798,54.800000000000004,Average User
U_465,Twitter,298,5,156,7,2,-0.5210981608960311,-0.7339328475489274,66.0,Average User
U_466,TikTok,81,18,2,49,1,0.24777991515883013,1.0432183114063704,20.9,Active Poster
U_467,LinkedIn,395,14,116,35,2,1.0149242993724796,0.8718858936180326,61.10000000000001,Average User
U_468,Snapchat,275,1,62,38,0,1.0900730093978328,-1.1770688469937913,36.5,Average User
U_469,Snapchat,435,8,161,14,2,0.35469896413218976,-0.15617920730296894,71.00000000000001,Average User
U_470,Facebook,216,18,191,15,2,-1.0459565920800473,1.5097576251259535,86.30000000000001,High Engager
U_471,Snapchat,22,9,82,14,3,-1.5073659672920376,-0.4617695126302647,39.70000000000001,Average User
U_472,Facebook,448,7,12,28,0,1.4159859267243193,-1.0108194637347947,15.3,Average User
U_473,Pinterest,458,20,94,0,2,-0.375385581345588,0.6526749601787658,43.6,Average User
U_474,Pinterest,222,17,28,47,1,0.8168196504342956,1.001464566102723,30.4,Active Poster
U_475,Instagram,80,15,122,18,3,-1.3235720481071909,0.7231542278146779,58.7,Average User
U_476,Snapchat,437,14,196,20,2,0.36636093988855345,1.0587509064739422,88.60000000000001,Average User
U_477,Twitter,469,11,180,2,2,-0.15165341821609424,0.08247789855269759,75.89999999999999,Average User
U_478,LinkedIn,239,12,125,36,1,0.34056491059461497,0.7329308496393738,64.4,Average User
U_479,Facebook,477,11,187,22,2,0.7639867532156879,0.6231437779703025,84.69999999999999,Average User
U_480,LinkedIn,342,7,190,16,2,-0.04487238435890637,-0.010073541122193386,82.89999999999999,Average User
U_481,Snapchat,124,11,164,7,3,-1.5729006899068538,0.19207238349577863,71.0,Average User
U_482,LinkedIn,80,8,165,37,1,-0.35774206693751726,0.5424372406376238,79.5,Average User
U_483,Instagram,265,6,73,34,0,0.6829231925881583,-0.5123835778350974,41.2,Average User
U_484,Twitter,325,18,76,32,0,0.5080543297458223,1.079491714969645,45.400000000000006,Average User
U_485,TikTok,149,18,90,28,1,-0.5602735599392529,1.1314749150535401,49.8,Average User
U_486,Pinterest,489,7,172,28,2,1.2484156322250266,0.11518988756258906,79.3,Average User
U_487,Snapchat,274,18,48,45,1,0.9040960114488565,1.215735850436135,38.1,Average User
U_488,Facebook,30,11,139,2,3,-2.1967393998214373,-0.0817566124738809,59.5,Average User
U_489,Snapchat,284,16,4,22,0,0.08905918376018468,0.05984988853106839,13.0,Average User
U_490,Snapchat,337,9,8,37,0,1.224153680927729,-0.5122469478990527,17.0,Average User
U_491,TikTok,366,13,2,39,0,1.344823083927736,0.03174444265421573,16.4,Average User
U_492,Instagram,353,8,24,9,0,0.04648826420971356,-1.2300217572862955,14.700000000000001,Average User
U_493,LinkedIn,495,19,96,40,0,1.6167023664473894,1.5061330757440856,56.10000000000001,Average User
U_494,TikTok,388,6,125,14,2,0.2701742686785717,-0.6714504833604477,56.0,Average User
U_495,Snapchat,468,8,193,33,2,1.2901261385163927,0.5303714449570271,89.50000000000001,Average User
U_496,Instagram,130,13,93,39,1,-0.014128159925218375,0.7473902362207627,52.8,Average User
U_497,TikTok,84,1,178,26,3,-0.6426331259716306,-0.5926021168617208,79.3,Passive Consumer
U_498,Snapchat,322,12,53,45,0,1.3120595692166597,0.4187376781289172,38.300000000000004,Average User
U_499,TikTok,194,15,42,43,1,0.5315348432312818,0.7376355491882753,34.2,Average User
U_500,LinkedIn,384,3,130,10,2,0.15342787875347305,-1.1426877504397874,55.9,Average User
U_501,Pinterest,292,15,96,48,1,1.108281149597477,1.2165491404875142,57.300000000000004,Average User
U_502,TikTok,243,1,55,29,0,0.5484829581015557,-1.439510496217526,31.0,Average User
U_503,TikTok,130,10,11,36,1,0.1330061914136447,-0.3190822228160647,18.2,Average User
U_504,Facebook,10,0,191,36,1,-0.555790981956498,-0.36851730308729447,87.2,Passive Consumer
U_505,Snapchat,309,6,108,5,3,-0.47748406969689616,-0.9913764658685715,46.5,Average User
U_506,Facebook,438,15,83,2,0,-0.20369693860679527,-0.05262769400093027,38.300000000000004,Average User
U_507,TikTok,206,6,163,23,2,-0.30222179701292823,-0.1264589779686748,73.9,Average User
U_508,Snapchat,113,6,95,31,1,-0.24218566688211443,-0.38580740210662334,49.099999999999994,Average User
U_509,Pinterest,324,16,125,45,2,1.0327981504551145,1.4759692903349273,68.3,Average User
U_510,Pinterest,301,9,16,26,0,0.5393588967199997,-0.7161700998905554,16.9,Average User
U_511,LinkedIn,367,19,172,24,2,0.10428618904321535,1.6892070756496667,81.7,High Engager
U_512,Snapchat,283,1,177,21,2,0.10619648682465237,-0.7807444589098002,77.39999999999999,Passive Consumer
U_513,Pinterest,61,2,18,12,3,-1.0431836290359318,-1.9326367955406214,11.399999999999999,Low Engager
U_514,Snapchat,156,16,122,34,1,-0.26996911928323686,1.2321082796144178,63.8,Average User
U_515,Pinterest,213,15,105,22,3,-0.45789271410487026,0.6623095737958078,53.1,Average User
U_516,Instagram,237,7,176,16,2,-0.524387374737341,-0.07917974733371544,77.3,Average User
U_517,Twitter,408,17,19,0,0,-0.3540611522562424,-0.2755287925313375,12.7,Active Poster
U_518,LinkedIn,419,5,194,46,2,1.7221006777223151,0.46296390960771105,92.9,Average User
U_519,Facebook,96,3,65,10,3,-1.1007394745525305,-1.5214126401752015,29.9,Average User
U_520,Twitter,98,17,48,15,3,-1.2617113417020742,0.3905492707718174,28.800000000000004,Average User
U_521,Twitter,48,18,120,35,1,-0.8088660128782381,1.546752934780164,63.9,Average User
U_522,Pinterest,185,18,165,16,2,-1.0926852503987508,1.3585015469781487,76.2,High Engager
U_523,Snapchat,20,19,126,3,3,-2.418374051211085,0.944860459942999,57.00000000000001,Average User
U_524,LinkedIn,260,16,38,11,0,-0.5969564369275151,0.037354855492390635,23.3,Average User
U_525,Facebook,292,2,121,7,3,-0.37720445949323267,-1.3904250861093919,51.10000000000001,Average User
U_526,LinkedIn,246,4,171,31,2,0.2932667956765738,-0.15676403216654544,78.9,Passive Consumer
U_527,Snapchat,365,9,1,3,0,-0.14097058749457042,-1.4085987483593136,3.9999999999999996,Average User
U_528,TikTok,242,7,35,22,0,0.09153280776366163,-0.9354465830436522,22.700000000000003,Average User
U_529,LinkedIn,205,3,140,14,3,-0.5632433508654803,-0.9210004820477298,61.1,Average User
U_530,Snapchat,454,2,50,34,0,1.7804125352118343,-1.276541086713053,30.8,Average User
U_531,Snapchat,47,11,18,10,3,-1.4789911504270794,-0.749946366917973,13.5,Average User
U_532,LinkedIn,294,9,148,21,2,-0.021006684457918767,0.10133003684889272,68.2,Average User
U_533,TikTok,350,0,92,26,0,0.8819501107853981,-1.417830204935831,44.6,Average User
U_534,Facebook,106,11,72,14,3,-1.1369260770968768,-0.28437910462722144,36.300000000000004,Average User
U_535,Instagram,89,16,106,47,1,0.02055339147982834,1.458336744919916,61.300000000000004,Average User
U_536,Instagram,259,12,144,28,2,0.03730819943771589,0.6649735498977004,69.60000000000001,Average User
U_537,Instagram,435,19,11,23,0,0.7606669069771065,0.4998049242337939,17.0,Active Poster
U_538,LinkedIn,211,7,51,19,3,-0.2301738413173626,-0.8866437003899977,28.200000000000003,Average User
U_539,Snapchat,423,18,3,43,0,1.6442120148222596,0.8031555094880325,19.5,Active Poster
U_540,Pinterest,424,12,63,23,0,0.8041382211083349,-0.08225713832918795,35.7,Average User
U_541,Pinterest,76,1,85,32,1,-0.2002695044793307,-1.1037266556574028,43.9,Average User
U_542,LinkedIn,489,9,148,30,2,1.330945213862428,0.26670236068836756,70.9,Average User
U_543,Snapchat,328,7,16,30,0,0.9113215387563306,-0.8982397221025399,17.5,Average User
U_544,Pinterest,294,10,139,5,2,-0.7454492778874178,-0.22080092293288256,60.1,Average User
U_545,LinkedIn,238,19,170,27,2,-0.38582222108675046,1.7863864962089366,81.8,High Engager
U_546,LinkedIn,269,10,36,10,0,-0.4076020692587149,-0.8227729190897306,20.4,Average User
U_547,Pinterest,79,17,189,43,1,-0.42821400267679965,2.0893232549660903,93.60000000000001,High Engager
U_548,TikTok,129,0,113,2,3,-1.314460948789622,-1.7962126940044372,45.800000000000004,Average User
U_549,Snapchat,201,11,100,34,1,0.1544440572759366,0.38039802689483226,53.5,Average User
U_550,Facebook,127,19,116,0,3,-2.007918326308691,0.7687204517562427,52.10000000000001,Average User
U_551,TikTok,115,14,15,14,3,-1.0549683834348875,-0.28305161014883673,14.399999999999999,Average User
U_552,Pinterest,25,11,50,33,1,-0.6330301399870899,0.05120038049784334,33.2,Average User
U_553,Facebook,8,15,0,17,3,-1.4389476710635543,-0.14827018545036652,9.6,Average User
U_554,Instagram,227,3,191,42,2,0.6766852271244106,0.12580880821477525,89.9,Passive Consumer
U_555,TikTok,378,7,53,12,0,0.2665606918397593,-1.093487541957828,26.900000000000006,Average User
U_556,LinkedIn,91,6,55,46,1,0.41199631891471256,-0.29399853731088005,37.6,Average User
U_557,TikTok,194,16,91,38,1,0.1649246601742122,1.0992564345915197,52.599999999999994,Average User
U_558,Pinterest,435,12,187,25,2,0.6623087064973476,0.8457472442312345,85.89999999999999,Average User
U_559,Pinterest,169,1,158,49,1,0.8441251668479782,-0.19231450813337955,78.2,Passive Consumer
U_560,Twitter,467,11,23,27,0,1.3149844897599292,-0.41700536241121716,20.6,Average User
U_561,LinkedIn,263,0,117,42,1,1.1147867982485442,-0.8202315175299613,59.400000000000006,Average User
U_562,Instagram,40,16,74,47,1,-0.14474864782125113,1.2449708926138627,48.5,Average User
U_563,Snapchat,310,1,47,41,0,1.4289754266784265,-1.2199202273835315,31.4,Average User
U_564,Pinterest,174,1,53,46,1,0.9756612289643136,-1.0144946086236553,35.300000000000004,Average User
U_565,Twitter,388,5,157,21,2,0.5400808214635265,-0.4076874387109272,70.60000000000001,Average User
U_566,Instagram,93,20,136,4,3,-2.071896513752197,1.1559012235007617,61.60000000000001,Average User
U_567,Pinterest,322,8,124,10,2,-0.2895371669748,-0.4851789166386071,55.0,Average User
U_568,Facebook,401,2,164,28,2,0.9925832263238307,-0.5983707208838376,74.60000000000001,Passive Consumer
U_569,Facebook,189,19,117,28,1,-0.45827169829176534,1.448330993802894,60.900000000000006,Average User
U_570,LinkedIn,130,11,141,0,3,-1.8033099203237086,-0.14586300743562455,59.7,Average User
U_571,Facebook,287,13,130,3,3,-0.9409398425543924,0.07721882449898916,56.8,Average User
U_572,Snapchat,21,5,54,4,3,-1.7706202076877449,-1.4529694883477913,24.3,Average User
U_573,Pinterest,444,4,79,47,0,2.18352512205738,-0.47393526451433265,46.900000000000006,Average User
U_574,LinkedIn,261,4,97,2,3,-0.7581911619355496,-1.4025407480216634,40.60000000000001,Average User
U_575,Snapchat,36,15,166,39,1,-0.7016407366774998,1.566705556546487,82.60000000000001,Average User
U_576,LinkedIn,46,6,58,11,3,-1.37644932571625,-1.1227143566759428,28.300000000000004,Average User
U_577,Pinterest,212,19,115,2,3,-1.5021492490193558,0.7862705242375465,52.300000000000004,Average User
U_578,Facebook,242,9,55,24,0,0.07303811951141496,-0.47101067795754303,31.9,Average User
U_579,TikTok,236,3,78,12,3,-0.35910258605257706,-1.4202514375198467,35.7,Average User
U_580,Snapchat,297,3,79,39,0,1.141034665095896,-0.7650109666932041,44.2,Average User
U_581,Facebook,408,18,71,25,0,0.6115336448380027,0.8472328723924465,41.300000000000004,Average User
U_582,Pinterest,402,17,19,40,0,1.4021585176474616,0.7126185863145525,24.7,Active Poster
U_583,TikTok,455,5,146,19,2,0.8025512424506199,-0.5546752342093177,65.60000000000001,Average User
U_584,Twitter,46,13,34,16,3,-1.3146290245868757,-0.2150272692792411,22.3,Average User
U_585,Snapchat,377,7,188,4,2,-0.4053645460948763,-0.33037281664891266,78.5,Average User
U_586,Pinterest,81,12,78,12,3,-1.3927222861267738,-0.1473367839243479,38.400000000000006,Average User
U_587,Twitter,19,4,10,13,3,-1.246690209326282,-1.679810017090913,9.1,Low Engager
U_588,Snapchat,239,13,92,35,1,0.3407729636540919,0.6100169270044948,51.2,Average User
U_589,LinkedIn,456,10,34,8,0,0.41895752652643586,-0.9405654664699407,19.0,Average User
U_590,Pinterest,308,10,40,30,0,0.6659873716586798,-0.31243578107164327,28.0,Average User
U_591,Instagram,414,12,53,25,0,0.8676417131835202,-0.10115477594732897,32.300000000000004,Average User
U_592,TikTok,224,8,90,43,1,0.7839808688155417,0.11523186425235339,51.3,Average User
U_593,LinkedIn,427,11,113,29,2,1.0026990609488613,0.2839895724398199,57.2,Average User
U_594,Instagram,288,18,17,26,0,0.19540117934854476,0.5226624658322784,20.0,Active Poster
U_595,TikTok,477,5,58,47,0,2.361624673046444,-0.4964195130942215,38.800000000000004,Average User
U_596,LinkedIn,210,5,32,32,0,0.4506983964941128,-0.9737750653270448,23.9,Average User
U_597,LinkedIn,252,6,63,0,3,-0.875103744350183,-1.4181770291888345,27.000000000000004,Average User
U_598,Pinterest,157,15,136,4,3,-1.6054095440540777,0.45514081565558095,60.10000000000001,Average User
U_599,Instagram,410,6,164,15,2,0.3324712215771369,-0.3758085291489528,71.9,Average User
U_600,Twitter,39,18,130,38,1,-0.7417732666117133,1.6944632920003642,68.8,Average User
U_601,TikTok,264,3,77,23,0,0.2706366065513121,-1.164224224427923,38.6,Average User
U_602,Instagram,402,9,8,47,0,1.98725934669685,-0.28450165205774336,20.0,Average User
U_603,Snapchat,24,0,193,38,1,-0.40288891748702876,-0.3090345500364501,88.60000000000001,Passive Consumer
U_604,Instagram,235,11,195,11,2,-0.924634409163443,0.4789809127044183,84.6,Average User
U_605,Pinterest,288,11,189,47,2,0.9543192358210333,1.3087004253919858,93.0,Average User
U_606,Facebook,274,10,150,43,2,0.8280202478066936,0.8003183532140788,75.9,Average User
U_607,Snapchat,399,18,48,24,0,0.5758488603813794,0.66160997684536,31.8,Average User
U_608,Pinterest,479,15,51,8,0,0.33738454430477033,-0.1441413912439773,27.3,Average User
U_609,TikTok,449,13,170,36,2,1.2296390710032756,1.1284843181726292,82.7,Average User
U_610,LinkedIn,130,15,32,9,3,-1.2750122164582318,-0.15336287972368257,20.0,Average User
U_611,Instagram,300,15,102,4,3,-0.8305144030830324,0.1718522629715841,46.50000000000001,Average User
U_612,Instagram,112,20,179,39,1,-0.5157636844458579,2.319306827648503,89.30000000000001,High Engager
U_613,Twitter,246,12,64,44,1,0.8718233561240714,0.4943558508427839,42.400000000000006,Average User
U_614,LinkedIn,109,16,165,36,1,-0.5084528648865841,1.6008747833171282,81.6,Average User
U_615,Instagram,156,10,14,9,3,-0.952368992518251,-0.9711136766138406,11.3,Average User
U_616,Snapchat,317,11,83,26,0,0.40164615094004724,0.028563010632105906,44.3,Average User
U_617,Snapchat,264,18,23,27,0,0.10931092982995536,0.5969563761190514,22.700000000000003,Active Poster
U_618,Twitter,296,1,114,2,3,-0.5338990925756352,-1.7011084228237376,46.5,Average User
U_619,LinkedIn,151,4,185,16,3,-0.8713534298926962,-0.39954067559380324,80.0,Passive Consumer
U_620,Snapchat,155,2,173,12,3,-0.9410078829480614,-0.8575621445481011,73.39999999999999,Passive Consumer
U_621,Snapchat,464,5,73,35,0,1.728199115033825,-0.681891826541331,41.2,Average User
U_622,Facebook,17,13,33,41,1,-0.3377375502429522,0.40277793291960057,29.4,Average User
U_623,Facebook,93,2,25,45,1,0.5696808211026506,-1.0783510735346544,24.1,Low Engager
U_624,Pinterest,65,9,35,21,3,-0.877462071920829,-0.6358816798463025,23.0,Average User
U_625,TikTok,295,9,56,15,0,-0.07271977627042013,-0.7012155284702438,29.6,Average User
U_626,LinkedIn,305,2,114,20,2,0.28248948273363744,-1.1233974335156898,52.2,Average User
U_627,Twitter,233,18,172,12,2,-1.053401734475021,1.295719414443499,77.8,High Engager
U_628,Twitter,115,12,6,36,1,0.009544636187252025,-0.07741258446263138,16.799999999999997,Average User
U_629,Facebook,280,20,104,46,1,0.7875463305928487,1.9097992574604787,61.4,Average User
U_630,Instagram,351,19,149,0,2,-0.9921471660541112,0.9384309663743617,65.3,High Engager
U_631,Snapchat,17,10,89,31,1,-0.8199070783718394,0.14512595895444755,47.9,Average User
U_632,Pinterest,228,10,50,26,0,0.07464609051123376,-0.3167496197194698,30.8,Average User
U_633,Snapchat,301,16,162,23,2,-0.14623331118685243,1.2032579806678925,76.5,Average User
U_634,TikTok,383,18,46,19,0,0.27929160888990945,0.5287269116552377,29.5,Average User
U_635,Facebook,211,13,98,4,3,-1.1931749253209962,-0.1036541991680389,44.300000000000004,Average User
U_636,Pinterest,377,3,135,49,2,1.8486581411194465,-0.14335096190932348,69.6,Average User
U_637,Facebook,321,16,47,12,0,-0.2757345002623843,0.10832608358561463,27.200000000000003,Average User
U_638,Snapchat,194,12,63,19,3,-0.4951845362040027,-0.11417516689859437,34.50000000000001,Average User
U_639,LinkedIn,45,6,85,0,3,-1.9343152010497653,-1.2016649280038,35.8,Average User
U_640,Instagram,276,11,75,27,0,0.26485994637837923,0.008222048533306284,41.4,Average User
U_641,Twitter,220,9,20,23,0,0.001557142077427173,-0.7382050474453714,17.599999999999998,Average User
U_642,LinkedIn,433,9,19,11,0,0.5061529320450262,-1.1030299560977763,13.600000000000001,Average User
U_643,Snapchat,262,14,51,48,1,1.096336834192954,0.7687779456891551,39.0,Average User
U_644,Facebook,420,17,117,47,2,1.577317934025695,1.5769838273126875,66.0,Average User
U_645,Pinterest,71,9,110,39,1,-0.21696907132813512,0.3396529974336137,58.400000000000006,Average User
U_646,Facebook,148,4,84,44,1,0.5957444908593433,-0.4264871428493584,48.0,Average User
U_647,TikTok,23,8,52,2,3,-1.938326323041502,-1.1077773539627584,23.8,Average User
U_648,Snapchat,204,5,79,23,3,-0.08817945286310443,-0.8597168812417976,40.0,Average User
U_649,Instagram,167,14,72,9,3,-1.1556298331556105,-0.016059497253918264,35.7,Average User
U_650,Twitter,142,19,121,10,3,-1.4999398703766638,1.0465301524646635,57.10000000000001,Average User
U_651,Facebook,476,15,126,20,2,0.6862024529366813,0.686043154153636,60.900000000000006,Average User
U_652,Facebook,462,4,159,47,2,2.087557615849343,0.08979465733248565,78.89999999999999,Passive Consumer
U_653,Facebook,315,3,37,11,0,0.07535977523555738,-1.7594171304974826,19.0,Low Engager
U_654,TikTok,161,14,85,20,3,-0.7237148082598153,0.3493976106653574,44.2,Average User
U_655,Twitter,384,7,63,32,0,1.1655669577032617,-0.5309057770389723,36.900000000000006,Average User
U_656,Pinterest,59,9,22,3,3,-1.6803074528125725,-1.1704787939093888,12.4,Average User
U_657,LinkedIn,318,3,132,22,2,0.36285878940539723,-0.8133954220563002,60.300000000000004,Average User
U_658,Twitter,90,9,132,25,1,-0.7998053441805337,0.1453604665183829,63.00000000000001,Average User
U_659,Instagram,52,7,156,41,1,-0.2640509828537461,0.4487547901908003,76.8,Average User
U_660,TikTok,159,15,58,30,1,-0.25602791303412825,0.5409971287663354,36.7,Average User
U_661,Facebook,424,9,97,12,0,0.3278443946391758,-0.5210309979737661,45.10000000000001,Average User
U_662,Pinterest,405,15,147,25,2,0.5151894961328944,0.9792908144759739,70.80000000000001,Average User
U_663,LinkedIn,227,8,40,10,3,-0.5596022921497769,-1.0550188403067977,21.4,Average User
U_664,LinkedIn,212,17,85,6,3,-1.1928758997179765,0.39867667553782943,40.9,Average User
U_665,LinkedIn,44,13,53,5,3,-1.858999794432902,-0.3505829115751807,26.6,Average User
U_666,TikTok,435,20,37,34,0,1.1610477975602533,1.092414912664111,31.0,Active Poster
U_667,Instagram,67,2,114,34,1,-0.252361024113822,-0.7091116196644179,56.400000000000006,Average User
U_668,LinkedIn,412,10,185,43,2,1.4201262476249186,1.0092011294095806,89.9,Average User
U_669,Instagram,76,12,108,47,1,0.07630797691913711,0.9305765333734914,60.900000000000006,Average User
U_670,Twitter,192,11,44,34,1,0.2391639085216454,-0.015257272923242662,31.1,Average User
U_671,LinkedIn,186,16,190,21,2,-0.860182861590979,1.3864320594488544,87.1,Average User
U_672,TikTok,299,1,120,17,2,0.13649020064774056,-1.2894047956870949,53.4,Average User
U_673,Facebook,52,12,191,11,3,-1.8381227764548898,0.6400601707182358,83.3,Average User
U_674,Snapchat,383,16,101,1,2,-0.5885970954585533,0.2031205049497196,45.5,Average User
U_675,Facebook,486,7,192,9,2,0.3397844463810203,-0.21024511766726056,81.60000000000001,Average User
U_676,LinkedIn,243,18,165,0,2,-1.524237455125621,0.9471131199934608,71.4,High Engager
U_677,Pinterest,491,9,49,42,0,2.1036329077020013,-0.14203352178976186,34.9,Average User
U_678,Snapchat,395,6,87,33,0,1.239625339265405,-0.4751900033040991,46.5,Average User
U_679,LinkedIn,127,18,19,24,1,-0.683007616409726,0.5342717739549347,20.2,Active Poster
U_680,Instagram,67,6,9,50,1,0.5792076882119045,-0.5155427193339919,20.4,Average User
U_681,Pinterest,337,7,132,11,2,-0.15925091293754118,-0.5444138757154021,58.2,Average User
U_682,Pinterest,305,10,139,47,2,1.1828832995035357,0.8117351211642669,72.7,Average User
U_683,TikTok,383,16,160,50,2,1.4631237736136704,1.8310706948875228,83.8,Average User
U_684,Instagram,481,6,61,49,0,2.4325775794758315,-0.2904850580353257,40.900000000000006,Average User
U_685,Facebook,451,16,120,43,2,1.573869149640453,1.3542469631670018,65.7,Average User
U_686,Snapchat,160,20,182,17,2,-1.2707519431184344,1.7841940558035128,83.89999999999999,High Engager
U_687,TikTok,8,15,139,0,3,-2.5169118895161207,0.42106049880962765,60.1,Average User
U_688,Pinterest,179,18,33,1,3,-1.4883966015063852,0.051569296483765195,18.900000000000002,Active Poster
U_689,Instagram,139,3,55,45,1,0.6940323258487091,-0.7418998971180539,36.4,Average User
U_690,Twitter,317,19,138,35,2,0.4297039845625475,1.7331693961528871,71.4,Average User
U_691,Instagram,98,19,82,48,1,0.07137931600967769,1.7190169830678084,52.900000000000006,Average User
U_692,LinkedIn,233,0,173,16,2,-0.32052511816055823,-1.054426789201865,74.0,Passive Consumer
U_693,Pinterest,435,6,128,23,2,0.8940424982606162,-0.44180789604913784,59.9,Average User
U_694,Twitter,453,2,78,39,0,1.9344335863060005,-0.9538170466718394,43.5,Average User
U_695,LinkedIn,176,13,88,3,3,-1.3854043226850072,-0.1892798839026946,40.0,Average User
U_696,Pinterest,374,8,124,20,2,0.41022023221068904,-0.25366234056704035,58.0,Average User
U_697,Facebook,253,2,71,32,0,0.6634618795760537,-1.1182018119829582,38.6,Average User
U_698,LinkedIn,179,12,12,49,1,0.8879106214251713,0.26727469604120707,23.1,Average User
U_699,Facebook,154,15,158,37,1,-0.19753821134080124,1.426258427149067,78.8,Average User
U_700,TikTok,281,8,43,17,0,0.009103675945569765,-0.8767272817487612,24.699999999999996,Average User
U_701,Snapchat,251,2,104,17,3,-0.09159870928433556,-1.2528315865431041,47.300000000000004,Average User
U_702,Twitter,89,3,123,48,1,0.4281660294339979,-0.16980552375541674,64.5,Average User
U_703,LinkedIn,436,10,115,22,2,0.7604322240083476,-0.013457530441048525,55.6,Average User
U_704,Facebook,75,2,98,6,3,-1.4264615092879704,-1.5157074979723588,41.6,Average User
U_705,Instagram,161,14,133,30,1,-0.38755876983392534,0.9373703243419511,66.4,Average User
U_706,Pinterest,67,17,61,32,1,-0.6838013066796104,0.9112198588679152,39.1,Average User
U_707,Pinterest,18,16,37,41,1,-0.4348197794130077,0.840251882267903,31.9,Average User
U_708,Twitter,442,4,78,1,0,0.12279930991010518,-1.6148347699026926,32.7,Average User
U_709,Pinterest,306,19,65,9,0,-0.6168372124954076,0.5760276460369798,34.4,Average User
U_710,Pinterest,401,13,38,21,0,0.6292640893946754,-0.1662637961932304,25.400000000000002,Average User
U_711,Twitter,331,10,154,9,2,-0.42104472417068417,-0.02621544515436598,67.3,Average User
U_712,TikTok,126,0,26,36,1,0.3883114857990149,-1.5756315965316017,21.2,Low Engager
U_713,Instagram,288,3,110,8,3,-0.357727449141813,-1.3063965594485836,47.3,Average User
U_714,LinkedIn,188,10,142,1,3,-1.4474150492651385,-0.26735547438661045,60.1,Average User
U_715,LinkedIn,338,12,192,46,2,1.1155182472295233,1.4273098413075762,94.2,Average User
U_716,Pinterest,466,19,142,43,2,1.503680020227985,1.915673665062295,75.4,Average User
U_717,Instagram,26,7,179,11,3,-1.7826486556525714,-0.11993412816539259,77.0,Average User
U_718,Pinterest,313,4,20,22,0,0.5647230424077839,-1.4720384808880786,15.799999999999999,Low Engager
U_719,TikTok,39,5,184,2,3,-2.070660887158756,-0.5829650968536617,75.7,Average User
U_720,Snapchat,14,20,98,33,1,-1.075154258483047,1.6237118697652564,55.1,Average User
U_721,Snapchat,317,4,37,29,0,0.8576377454613358,-1.179675451834681,24.7,Low Engager
U_722,Instagram,213,15,25,26,0,-0.09566649025603514,0.1919985581195178,22.3,Average User
U_723,LinkedIn,417,12,191,9,2,-0.1487712351000253,0.4848538863932567,82.7,Average User
U_724,Facebook,222,6,132,47,1,0.9181958893126025,0.24027473753713302,68.7,Average User
U_725,Snapchat,186,8,96,1,3,-1.289697222129166,-0.866800143819531,41.1,Average User
U_726,Instagram,313,8,195,40,2,0.8426829038241243,0.7621816894975171,92.4,Average User
U_727,Snapchat,447,9,48,46,0,2.070065129308563,-0.037740406086614525,35.7,Average User
U_728,TikTok,5,4,70,45,1,-0.024305922401535344,-0.4599094371500991,42.7,Average User
U_729,Twitter,391,10,21,39,0,1.515793705186376,-0.2496984549935196,23.1,Average User
U_730,Instagram,242,3,111,39,1,0.799550571727918,-0.5214748725450911,57.0,Average User
U_731,Twitter,487,8,14,14,0,0.9456049321434968,-1.2167130668187403,12.2,Average User
U_732,Facebook,490,12,106,17,2,0.7592056341434835,0.056446879624130294,51.10000000000001,Average User
U_733,Pinterest,27,17,139,13,3,-1.9058997608714279,1.0090084758635,64.60000000000001,Average User
U_734,TikTok,391,15,67,36,0,1.1216495428104134,0.6856623654040096,42.1,Average User
U_735,Facebook,99,3,106,22,3,-0.6446196958693903,-0.9347731558042562,49.900000000000006,Average User
U_736,Pinterest,386,8,111,20,2,0.4985436349510881,-0.34959817266996324,52.800000000000004,Average User
U_737,Snapchat,359,17,168,10,2,-0.4885759689342312,1.0449602609011117,75.3,High Engager
U_738,Instagram,362,9,138,24,2,0.46722284040415546,0.08446488754846652,65.10000000000001,Average User
U_739,Facebook,368,5,100,5,3,-0.14068863313536528,-1.201826266626317,43.0,Average User
U_740,Twitter,239,10,82,13,3,-0.5254973590614757,-0.4129422312922703,39.7,Average User
U_741,Snapchat,87,3,23,41,1,0.3355657226571766,-1.0530361327833941,22.4,Low Engager
U_742,Twitter,13,13,134,47,1,-0.3213073443852207,1.2702008593047383,71.6,Average User
U_743,TikTok,353,19,120,5,2,-0.6926349345801048,0.8549066286655773,55.2,Average User
U_744,Snapchat,369,7,121,7,2,-0.15660638393811113,-0.7305685638385419,52.60000000000001,Average User
U_745,Instagram,105,9,99,18,3,-0.963398021008625,-0.26630477253544144,47.7,Average User
U_746,TikTok,40,14,63,4,3,-1.9770117794626427,-0.16652490451364302,30.6,Average User
U_747,Instagram,33,5,104,36,1,-0.39857932625717735,-0.3117304306766585,53.9,Average User
U_748,Pinterest,372,3,155,25,2,0.707098901683247,-0.5915066186769704,70.4,Passive Consumer
U_749,Snapchat,12,7,124,9,3,-1.813862395027692,-0.5563473788048174,54.400000000000006,Average User
U_750,Instagram,421,14,95,42,0,1.5022919943463846,0.8876147012530866,54.800000000000004,Average User
U_751,Facebook,130,20,33,9,3,-1.4319268029554024,0.5359431216303782,21.900000000000002,Active Poster
U_752,Twitter,74,3,158,2,3,-1.778564270115712,-1.0509054864005214,64.7,Passive Consumer
U_753,Facebook,323,7,166,31,2,0.5871923340462996,0.19465536713046394,77.8,Average User
U_754,Snapchat,388,20,121,50,2,1.4533378664601697,2.0980115355740376,69.4,Average User
U_755,Facebook,192,16,18,21,0,-0.43603214506767163,0.16144532545569412,18.3,Average User
U_756,LinkedIn,218,20,174,31,2,-0.34484310022157827,2.055715550349282,84.9,High Engager
U_757,Instagram,449,12,1,30,0,1.3807692239869647,-0.3578259756324644,13.0,Average User
U_758,Instagram,496,3,157,9,2,0.5925689611901828,-1.007817752930363,66.4,Passive Consumer
U_759,LinkedIn,99,1,91,18,3,-0.7268779048566137,-1.4129699193843017,42.099999999999994,Average User
U_760,Twitter,408,15,97,30,2,0.8677908000012254,0.74612655848869,52.300000000000004,Average User
U_761,Instagram,10,4,129,36,1,-0.5371334659481005,-0.26369958216560896,63.6,Average User
U_762,Facebook,154,17,2,50,1,0.6790649461016006,0.9102624710857092,20.9,Active Poster
U_763,Twitter,300,15,115,30,2,0.3001847825893415,0.9054713255042511,59.5,Average User
U_764,Snapchat,117,0,94,12,3,-0.8829478223956803,-1.6812558426982493,41.2,Average User
U_765,Snapchat,301,3,15,9,0,-0.031622166556799246,-1.961137807166659,9.6,Low Engager
U_766,Snapchat,246,13,182,28,2,-0.14421201630509348,1.075435706037418,85.10000000000001,Average User
U_767,Instagram,68,10,135,35,1,-0.49845750463764205,0.5561188396318708,67.5,Average User
U_768,Snapchat,393,16,1,35,0,1.207371685453839,0.3274756718403815,15.7,Average User
U_769,Instagram,331,15,107,15,2,-0.19993241653220808,0.46968055771125555,51.800000000000004,Average User
U_770,Facebook,176,10,56,6,3,-1.0852516783283495,-0.7521965156981336,27.200000000000003,Average User
U_771,Instagram,457,7,73,15,0,0.7395124121030839,-0.9001868891025124,35.800000000000004,Average User
U_772,Twitter,81,14,199,16,3,-1.5538407273282475,1.0847209748328581,88.60000000000001,Average User
U_773,Facebook,332,7,81,17,0,0.20129928168289082,-0.7577090703503383,39.6,Average User
U_774,Twitter,385,9,10,25,0,0.9178257612399683,-0.807869918932363,14.2,Average User
U_775,TikTok,337,16,48,42,0,1.1390295894903426,0.850601495076312,36.6,Average User
U_776,LinkedIn,328,15,89,29,0,0.45168692911846897,0.6877790976821435,48.8,Average User
U_777,Twitter,101,6,132,10,3,-1.3229783158220656,-0.637049625346155,57.6,Average User
U_778,Facebook,176,6,121,2,3,-1.289342945878698,-0.9343192268741082,50.800000000000004,Average User
U_779,LinkedIn,468,12,53,47,0,2.1127821989568742,0.42570363955685253,38.900000000000006,Average User
U_780,LinkedIn,388,9,61,20,0,0.5921661127379196,-0.569334357639666,33.1,Average User
U_781,Twitter,451,20,67,7,0,-0.03504898781930768,0.6353056405435892,34.9,Average User
U_782,Twitter,6,16,151,22,1,-1.6031320340896509,1.1859460043574697,71.8,Average User
U_783,LinkedIn,374,20,36,26,0,0.5090027788286052,0.9057176661234021,28.2,Active Poster
U_784,Pinterest,84,19,28,31,1,-0.6316769287757391,0.9198130831204053,26.200000000000003,Active Poster
U_785,Facebook,129,6,144,9,3,-1.2587244023794524,-0.5844897982934314,62.1,Average User
U_786,TikTok,192,4,160,44,1,0.6356575423539931,0.10125263381327852,78.4,Passive Consumer
U_787,Twitter,282,18,165,35,2,0.22808250960363707,1.798905218776777,81.9,High Engager
U_788,Pinterest,400,19,195,22,2,0.12301231964510215,1.7938870985969604,90.3,High Engager
U_789,LinkedIn,67,10,162,36,1,-0.5206861805500046,0.7730903046951295,78.6,Average User
U_790,LinkedIn,183,16,50,8,3,-1.1336344663075075,0.07105468346790515,27.2,Average User
U_791,Facebook,413,2,30,40,0,1.8943605706819144,-1.2589239544865538,24.6,Low Engager
U_792,LinkedIn,303,2,120,9,3,-0.2320332073722655,-1.3514077261635453,51.300000000000004,Average User
U_793,LinkedIn,94,0,16,19,3,-0.5034820133764636,-2.056690291892164,12.100000000000001,Low Engager
U_794,Pinterest,492,3,184,50,2,2.3411787859315933,0.19643079554103401,89.50000000000001,Passive Consumer
U_795,Snapchat,442,7,118,32,2,1.3219173481758681,-0.15657719888509208,58.900000000000006,Average User
U_796,Pinterest,83,9,104,15,3,-1.2159921103670304,-0.2983436341851247,48.800000000000004,Average User
U_797,Twitter,279,18,175,7,2,-1.0593165144676775,1.1804097244444243,77.5,High Engager
U_798,LinkedIn,84,16,144,33,1,-0.7159696255148118,1.384796916401365,72.3,Average User
U_799,LinkedIn,285,5,114,38,2,0.8957152619802508,-0.264395946240118,58.5,Average User
U_800,LinkedIn,254,14,140,8,2,-0.9324485917908901,0.41765070565435136,62.6,Average User
U_801,TikTok,193,14,168,19,2,-0.8029855559875269,0.9057416726461577,77.10000000000001,Average User
U_802,TikTok,354,16,11,0,0,-0.5679083406139753,-0.45319746513376824,9.2,Average User
U_803,Snapchat,449,20,51,45,0,1.6881256879893196,1.4591819471792917,39.900000000000006,Average User
U_804,Twitter,63,5,181,15,3,-1.3665485900503889,-0.29068094280804974,78.4,Average User
U_805,LinkedIn,314,13,118,37,2,0.7358204394957615,0.8224891811630529,62.2,Average User
U_806,Instagram,475,5,63,10,0,0.6888507236618998,-1.3727061141037449,29.700000000000003,Average User
U_807,TikTok,435,3,15,5,0,0.44280654047256335,-2.098651682183275,8.4,Low Engager
U_808,LinkedIn,220,3,106,50,1,1.1948266096994138,-0.2793903202143051,58.300000000000004,Average User
U_809,Pinterest,273,1,145,19,2,0.04166638070427749,-1.0547444913051451,64.0,Passive Consumer
U_810,Instagram,204,20,36,3,3,-1.346035595899178,0.38785050451302755,21.299999999999997,Active Poster
U_811,Pinterest,157,18,112,23,1,-0.7949843126427066,1.1623149947034026,57.1,Average User
U_812,TikTok,101,12,163,10,3,-1.5796968024075684,0.40205208247003305,71.8,Average User
U_813,TikTok,292,1,17,26,0,0.7405961269172412,-1.7979578856734144,14.9,Low Engager
U_814,TikTok,317,14,102,2,3,-0.8060235126635039,-0.018838571608823865,45.60000000000001,Average User
U_815,Instagram,47,11,87,37,1,-0.4322318749655251,0.4065990514452839,49.2,Average User
U_816,Facebook,330,19,138,45,2,0.9394165839971401,1.9759998129152263,74.4,Average User
U_817,Twitter,311,17,9,46,0,1.249499312611169,0.8158596043127466,22.5,Active Poster
U_818,Instagram,196,16,92,25,1,-0.40789909149917924,0.7852059277235595,49.1,Average User
U_819,TikTok,56,7,61,24,3,-0.7852579916506682,-0.6472586258006942,33.7,Average User
U_820,Instagram,405,18,117,29,2,0.6698442650709587,1.273891070949401,60.900000000000006,Average User
U_821,Instagram,91,20,95,45,1,-0.15741238474189098,1.8759606347113282,57.5,Average User
U_822,Twitter,331,11,75,17,0,0.08650751061201634,-0.254335064818072,38.4,Average User
U_823,Pinterest,101,14,76,34,1,-0.370517302065149,0.6480388295817776,44.8,Average User
U_824,TikTok,238,11,158,6,3,-1.0482455178861956,0.09166961007645373,68.3,Average User
U_825,LinkedIn,99,12,85,18,3,-1.0532627448527732,0.04518573491111599,43.0,Average User
U_826,Snapchat,169,20,17,50,1,0.6249478596261219,1.4219058997145864,27.8,Active Poster
U_827,Instagram,266,4,100,43,1,1.089379302268603,-0.3715885942055201,54.1,Average User
U_828,Instagram,398,3,12,7,0,0.35866851286013857,-2.059933387595234,7.800000000000001,Low Engager
U_829,Twitter,491,8,34,10,0,0.7406308506594254,-1.174276215914449,19.0,Average User
U_830,Snapchat,304,20,1,4,0,-0.7337445895935029,0.1345844599551486,7.6000000000000005,Active Poster
U_831,Twitter,431,7,41,46,0,2.0700175070571776,-0.3557597457542792,32.300000000000004,Average User
U_832,Instagram,109,8,89,4,3,-1.5149325352553251,-0.820265325085874,39.2,Average User
U_833,Twitter,127,17,50,9,3,-1.3928065897630282,0.248399189039826,27.8,Average User
U_834,LinkedIn,426,5,21,2,0,0.18941727941860842,-1.8544722858130416,10.5,Average User
U_835,Pinterest,257,18,30,18,0,-0.3425996177563927,0.42682881144688495,22.799999999999997,Active Poster
U_836,LinkedIn,43,12,86,38,1,-0.43571492595266165,0.561746539915258,49.4,Average User
U_837,Twitter,226,17,76,5,3,-1.1486270676313834,0.3059480615008122,37.0,Average User
U_838,Snapchat,363,11,3,50,0,1.880756445325194,0.03811085889548269,19.5,Average User
U_839,LinkedIn,33,18,178,2,3,-2.488130820800379,1.149808790386517,77.2,High Engager
U_840,Twitter,45,8,69,7,3,-1.6469715020577287,-0.8699564369343904,32.1,Average User
U_841,Twitter,336,17,123,22,2,0.03830380409322948,1.0275192341737438,60.900000000000006,Average User
U_842,TikTok,405,14,151,20,2,0.3137470212446548,0.7479987296687132,70.60000000000001,Average User
U_843,Twitter,371,6,11,3,0,-0.04192183911499973,-1.7485368405295376,7.1,Average User
U_844,Pinterest,414,8,23,7,0,0.25676096235811263,-1.3041500001000166,13.700000000000001,Average User
U_845,TikTok,498,12,6,11,0,0.7599711964853213,-0.8050245444970932,9.3,Average User
U_846,TikTok,201,0,123,19,3,-0.22774970627989052,-1.326757937813898,54.900000000000006,Average User
U_847,Instagram,339,19,43,4,0,-0.6287001057253053,0.28669183174524704,24.099999999999998,Active Poster
U_848,Snapchat,125,7,128,20,3,-0.7814030285077941,-0.28941905554460967,59.300000000000004,Average User
U_849,Facebook,457,2,131,32,2,1.5197820025494049,-0.750668130895079,62.60000000000001,Average User
U_850,Facebook,171,19,66,5,3,-1.4555263355227506,0.5236621581196852,33.6,Average User
U_851,Twitter,339,14,160,27,2,0.28392372253410925,1.0037734828223184,76.3,Average User
U_852,LinkedIn,130,10,22,46,1,0.5541144567921931,0.005750332166614717,25.6,Average User
U_853,Twitter,142,11,163,37,1,-0.1437987007197032,0.9195438056661415,79.6,Average User
U_854,Twitter,32,12,7,18,3,-1.2006614864969067,-0.49010556909059094,11.8,Average User
U_855,Facebook,474,1,82,35,0,1.8799593599533397,-1.1665410298441024,43.6,Average User
U_856,Twitter,104,5,46,4,3,-1.3477978411983251,-1.5339428315729218,21.1,Average User
U_857,Pinterest,426,2,34,38,0,1.8592519461599317,-1.283567989391664,25.6,Low Engager
U_858,Facebook,56,15,154,32,1,-0.8890848243997781,1.3029396448956585,75.69999999999999,Average User
U_859,Facebook,300,7,78,44,1,1.2574368041146486,-0.10393702567705888,46.5,Average User
U_860,Snapchat,423,14,116,44,2,1.5530946192723207,1.0857046634923535,63.80000000000001,Average User
U_861,Pinterest,53,14,191,25,1,-1.270187199025515,1.2578900900978782,88.10000000000001,Average User
U_862,TikTok,483,3,159,26,2,1.283448048185472,-0.5705997954508579,72.3,Passive Consumer
U_863,Pinterest,246,17,98,35,1,0.2374126676438002,1.196412898873756,54.800000000000004,Average User
U_864,Twitter,48,13,6,20,3,-1.062049232531821,-0.3160998805063686,12.3,Average User
U_865,TikTok,325,3,84,22,0,0.5071776889139621,-1.1567971280950515,41.1,Average User
U_866,Pinterest,483,16,27,10,0,0.4703296163482601,-0.13022813306983005,18.6,Average User
U_867,Twitter,366,0,13,26,0,1.1413016926936945,-1.9843115788962522,13.0,Low Engager
U_868,Pinterest,40,2,69,5,3,-1.5750667901087243,-1.73645921014443,29.700000000000003,Average User
U_869,Pinterest,47,13,97,9,3,-1.7668595004320968,0.060110903744437054,45.400000000000006,Average User
U_870,LinkedIn,115,10,97,49,1,0.4427291428579638,0.617474532021898,56.5,Average User
U_871,Instagram,265,10,28,0,3,-0.8550901273722555,-1.1251093916126578,14.200000000000001,Average User
U_872,Instagram,6,9,66,30,1,-0.8344140339225122,-0.17635556066876662,38.1,Average User
U_873,LinkedIn,197,0,133,42,1,0.7564364236053369,-0.6872946790047574,65.8,Average User
U_874,Snapchat,97,4,14,28,1,-0.20623813508347108,-1.3040875682598962,15.200000000000001,Low Engager
U_875,TikTok,263,11,193,20,2,-0.3818720769958903,0.6785758902169058,86.5,Average User
U_876,Snapchat,285,9,195,13,2,-0.5298669312801089,0.2409186860711511,84.60000000000001,Average User
U_877,Snapchat,148,17,169,49,1,0.22175782696247526,2.0750295544750266,87.4,High Engager
U_878,TikTok,445,7,150,37,2,1.486246149068037,0.1934340319627861,73.2,Average User
U_879,Twitter,238,5,4,15,0,-0.10739037727058519,-1.60025380069914,7.6,Average User
U_880,TikTok,123,18,75,45,1,0.10628936474795009,1.4515619176877201,48.9,Average User
U_881,Snapchat,261,4,15,16,0,0.05499140703195717,-1.6404738590671901,12.0,Low Engager
U_882,Instagram,389,8,171,4,2,-0.3387808348917178,-0.318317412440873,72.00000000000001,Average User
U_883,TikTok,232,10,199,23,2,-0.3818763489551189,0.6677820082223235,89.50000000000001,Average User
U_884,TikTok,167,2,27,41,1,0.7471409008629227,-1.1842352474344027,23.7,Low Engager
U_885,TikTok,11,9,44,39,1,-0.35780928149504215,-0.11232624175184797,32.0,Average User
U_886,Snapchat,315,13,128,9,2,-0.5320868102421278,0.20283329291369795,57.800000000000004,Average User
U_887,Snapchat,447,14,172,21,2,0.514830956219748,0.9098245830386974,79.3,Average User
U_888,Instagram,423,13,92,45,0,1.6837589158426152,0.8032405038149857,54.2,Average User
U_889,Snapchat,399,11,50,35,0,1.278723626758366,-0.007976111343352365,33.8,Average User
U_890,LinkedIn,442,6,179,6,2,0.05223742467084015,-0.5003547650645591,75.2,Average User
U_891,Instagram,417,10,87,20,0,0.6428616011023434,-0.25639909179947196,43.800000000000004,Average User
U_892,Facebook,80,8,85,34,1,-0.3079708760843546,-0.10049496293348384,46.599999999999994,Average User
U_893,TikTok,39,15,173,37,1,-0.7923668154346125,1.5662981949766321,84.8,Average User
U_894,Instagram,111,17,161,12,3,-1.5917210680994172,1.1164417498873576,73.1,High Engager
U_895,Pinterest,468,8,17,9,0,0.6229488192326798,-1.3131663556665278,11.9,Average User
U_896,TikTok,76,10,10,4,3,-1.5562026210768143,-1.0996542314937594,8.2,Average User
U_897,Twitter,241,8,74,46,1,1.0374663077295776,0.0704903603082069,45.8,Average User
U_898,Pinterest,103,13,132,29,1,-0.6816062087471693,0.7859851492236793,65.4,Average User
U_899,Snapchat,305,16,19,13,0,-0.2447769925630316,-0.06150526411278154,16.3,Average User
U_900,Snapchat,357,10,195,3,2,-0.6563030422020774,0.10986871960714191,81.9,Average User
U_901,Instagram,457,8,189,42,2,1.6474356832007604,0.727056470798454,90.60000000000001,Average User
U_902,TikTok,51,3,102,5,3,-1.6281563291817038,-1.3685188984113092,43.2,Average User
U_903,TikTok,157,4,8,22,3,-0.16790408298953424,-1.5121258722959883,11.0,Low Engager
U_904,Twitter,405,20,10,0,0,-0.4407870760195995,0.07065090038205109,10.0,Active Poster
U_905,TikTok,61,14,52,23,1,-1.0013316643229229,0.2176953937179458,31.9,Average User
U_906,Snapchat,433,3,88,49,0,2.229455270078615,-0.4938555972504361,50.8,Average User
U_907,Snapchat,101,2,157,19,3,-0.8549557053119401,-0.783065977668418,69.10000000000001,Passive Consumer
U_908,TikTok,26,7,50,23,3,-0.9508266649640418,-0.7414466991125193,29.0,Average User
U_909,Snapchat,447,7,57,33,0,1.5309748735429396,-0.5671931886179984,34.800000000000004,Average User
U_910,LinkedIn,12,12,6,42,1,-0.2245499531878726,0.10042857709573587,18.6,Average User
U_911,Pinterest,223,12,26,20,0,-0.2242805120489149,-0.3610680117915159,20.0,Average User
U_912,Twitter,58,13,111,36,1,-0.5402175081915629,0.8223109488855241,59.1,Average User
U_913,Instagram,107,16,184,39,1,-0.42791356874126557,1.810561516810824,90.10000000000001,Average User
U_914,Snapchat,448,9,41,27,0,1.242917883412084,-0.556357002118215,27.200000000000003,Average User
U_915,Snapchat,465,14,123,1,2,-0.1776804244228329,0.06291650356208013,53.7,Average User
U_916,TikTok,61,1,163,39,1,-0.1399971036747428,-0.372026088462331,77.2,Passive Consumer
U_917,Facebook,76,5,185,16,3,-1.2677479147170831,-0.24134446861538109,80.3,Average User
U_918,Twitter,207,16,199,7,2,-1.4034251675365417,1.0991046812232064,86.5,Average User
U_919,Snapchat,408,16,150,30,2,0.7151787588342137,1.2594958771118994,73.8,Average User
U_920,Instagram,175,4,78,34,1,0.2947256715621374,-0.7235928758672203,42.60000000000001,Average User
U_921,Facebook,159,14,181,12,2,-1.3109687505574374,0.8354384833977756,80.2,Average User
U_922,TikTok,61,19,130,45,1,-0.3530371908548647,1.997141134386298,71.2,Average User
U_923,TikTok,311,5,184,15,2,-0.16494659977958842,-0.3412896771194425,79.60000000000001,Average User
U_924,Twitter,292,16,116,10,2,-0.6647471539859485,0.558139436568608,54.2,Average User
U_925,Twitter,201,8,189,49,1,0.7124171588572147,0.9739428693814188,92.70000000000002,Average User
U_926,Facebook,153,0,182,20,3,-0.5524789268933803,-0.8685711664365309,78.8,Passive Consumer
U_927,Pinterest,89,19,164,2,3,-2.214025610331109,1.170435550050281,71.9,High Engager
U_928,Instagram,412,7,13,47,0,2.086356184006461,-0.5247207980149238,21.4,Average User
U_929,Snapchat,312,1,57,22,0,0.5676690200897581,-1.6179246868188,29.700000000000003,Average User
U_930,Facebook,88,1,181,5,3,-1.5673944690267891,-1.0902903859204263,74.2,Passive Consumer
U_931,Facebook,272,11,93,43,1,0.9182229941970892,0.5319592888949621,53.4,Average User
U_932,Facebook,128,11,194,5,3,-1.7115619661592896,0.3549485356077552,82.4,Average User
U_933,Instagram,453,16,169,2,2,-0.3589830284406982,0.6910827214037683,73.0,Average User
U_934,TikTok,481,5,181,41,2,1.8308890932050497,0.22922230504596122,86.2,Average User
U_935,TikTok,357,11,157,46,2,1.3193881060709038,1.036442782835105,79.9,Average User
U_936,Twitter,149,16,65,5,3,-1.467663940004745,0.1136159653783949,32.3,Average User
U_937,Snapchat,141,5,94,42,1,0.41847724179443785,-0.2662190100493285,51.7,Average User
U_938,Facebook,8,11,151,47,1,-0.32285673443222207,1.1196759447073157,77.8,Average User
U_939,Snapchat,376,18,8,46,0,1.5376129355905226,0.9263301280151716,22.4,Active Poster
U_940,Pinterest,351,5,70,4,3,-0.1992849233218496,-1.4349116476058152,30.7,Average User
U_941,Snapchat,231,20,196,29,2,-0.4212798351529621,2.1590856467006705,93.10000000000001,High Engager
U_942,Pinterest,40,6,139,32,1,-0.6542983850716777,-0.027046611461740963,67.0,Average User
U_943,Snapchat,242,19,9,46,1,0.8514187732142571,1.1087540414502939,23.1,Active Poster
U_944,Twitter,404,20,41,5,0,-0.29365404332700035,0.41471062896601496,23.900000000000002,Active Poster
U_945,LinkedIn,347,9,3,34,0,1.1504538475752821,-0.6246879226939205,14.1,Average User
U_946,Facebook,87,6,28,42,1,0.27595097705500554,-0.583500019075665,25.6,Average User
U_947,Facebook,96,8,40,32,1,-0.21595636929734177,-0.47449220614125975,28.0,Average User
U_948,Twitter,431,13,64,6,0,0.04620973813867792,-0.35995999535581075,31.3,Average User
U_949,Instagram,109,9,96,9,3,-1.3387461278394972,-0.5107423822885305,43.80000000000001,Average User
U_950,Instagram,406,19,99,37,2,1.042213069271822,1.4793070198423575,56.400000000000006,Average User
U_951,Snapchat,408,3,16,32,0,1.5141247562856803,-1.417882545182582,16.9,Low Engager
U_952,Instagram,81,2,76,24,3,-0.5432559137112798,-1.2300267502413536,38.2,Average User
U_953,Snapchat,303,19,113,34,2,0.3742464944568539,1.5347732006402202,61.10000000000001,Average User
U_954,Facebook,37,6,56,44,1,0.057288492709423544,-0.3205416626489519,37.400000000000006,Average User
U_955,Snapchat,105,14,6,5,3,-1.4847616636296144,-0.5660992182779175,8.100000000000001,Average User
U_956,Instagram,473,14,23,31,0,1.4299967361824626,0.0892111886142046,22.700000000000003,Average User
U_957,Twitter,181,3,112,43,1,0.6785507401497112,-0.3980262903328507,58.6,Average User
U_958,Pinterest,120,3,10,17,3,-0.5450534581942466,-1.746908105732811,10.0,Low Engager
U_959,Pinterest,47,2,70,29,1,-0.4719777923167806,-1.1395339305360352,37.3,Average User
U_960,TikTok,493,2,174,24,2,1.2393882415136714,-0.6525814979627629,77.4,Passive Consumer
U_961,TikTok,89,19,105,48,1,-0.02528531731920884,1.8852014815421456,62.1,Average User
U_962,LinkedIn,341,19,96,39,2,0.82163262132542,1.5261480718494145,55.80000000000001,Average User
U_963,TikTok,186,20,66,15,3,-0.9669915649941083,0.9023511989581522,36.900000000000006,Average User
U_964,Facebook,475,20,79,50,0,1.9737162158341064,1.7740733282807402,52.6,Average User
U_965,LinkedIn,71,16,47,48,1,0.11294120216199317,1.0686168125716062,38.0,Average User
U_966,Twitter,444,10,44,40,0,1.765888007310677,-0.0768398925334584,32.6,Average User
U_967,LinkedIn,395,14,117,48,2,1.5929019259448725,1.199579995889325,65.4,Average User
U_968,TikTok,28,8,130,8,3,-1.8252314838548842,-0.4065389260519578,56.8,Average User
U_969,Snapchat,451,3,39,34,0,1.7601260558615144,-1.2174628282307554,26.7,Low Engager
U_970,Facebook,87,19,118,5,3,-1.9842459154851746,0.917849031784397,54.400000000000006,Average User
U_971,Snapchat,376,12,93,50,0,1.7065404437891558,0.8108490559823488,55.800000000000004,Average User
U_972,Twitter,267,5,160,34,2,0.5238402621820936,-0.03066762808848225,75.7,Average User
U_973,Instagram,293,0,167,40,2,1.0569019324862599,-0.5226600022601674,78.8,Passive Consumer
U_974,TikTok,320,2,39,17,0,0.3938747966678668,-1.7351216333709734,21.300000000000004,Low Engager
U_975,Facebook,241,1,60,4,3,-0.5886537918618362,-2.0198750608359335,25.5,Average User
U_976,Instagram,423,16,74,30,0,0.962769378757587,0.7146402901734783,43.4,Average User
U_977,Pinterest,97,5,91,36,1,-0.05686285718224978,-0.42275138370061116,48.699999999999996,Average User
U_978,LinkedIn,495,16,82,15,0,0.6257067684119563,0.3807458236258749,42.1,Average User
U_979,Twitter,135,15,146,14,3,-1.2892100313755126,0.7792436410008562,67.10000000000001,Average User
U_980,Facebook,348,0,145,34,2,1.107607364805105,-0.8430381527946725,68.2,Passive Consumer
U_981,Instagram,311,14,102,43,1,0.9948325905252959,0.9939689769363258,57.900000000000006,Average User
U_982,Snapchat,135,15,28,42,1,0.2315388244021417,0.630524643231967,28.3,Average User
U_983,LinkedIn,420,17,31,23,0,0.7035000626949749,0.37351668297162716,24.4,Active Poster
U_984,Facebook,485,2,187,0,2,0.09928221426439271,-1.1496501325590742,75.39999999999999,Passive Consumer
U_985,Twitter,143,16,17,16,3,-0.895692540943756,0.04524740626175741,16.400000000000002,Average User
U_986,Facebook,231,0,19,8,3,-0.3337775269942712,-2.346359961698599,10.0,Low Engager
U_987,Instagram,495,12,136,43,2,1.8752374334570932,0.9095176848361269,70.9,Average User
U_988,Pinterest,404,8,41,50,0,2.0860700473742777,-0.11284758698284628,33.8,Average User
U_989,Twitter,166,14,86,42,1,0.28035543579522376,0.8975827478337337,51.2,Average User
U_990,TikTok,395,9,1,17,0,0.630127785997464,-1.0720593269471956,8.2,Average User
U_991,Snapchat,93,5,107,1,3,-1.6753658946357266,-1.1709065903630314,44.6,Average User
U_992,Pinterest,368,3,40,40,0,1.6211943320196605,-1.038311740076483,28.9,Low Engager
U_993,LinkedIn,72,17,110,24,1,-1.1290323556025237,1.060970921742499,56.3,Average User
U_994,LinkedIn,144,6,89,30,1,-0.12198481228003064,-0.4621320017481505,46.4,Average User
U_995,Twitter,464,2,149,43,2,2.003565263359554,-0.35342282230147776,73.10000000000001,Passive Consumer
U_996,LinkedIn,479,4,72,15,0,0.9417843252887675,-1.3229974149308281,34.5,Average User
U_997,Instagram,499,14,110,49,2,2.160396534836015,1.1442866504801084,62.900000000000006,Average User
U_998,Facebook,318,6,105,9,3,-0.24819382590473818,-0.9166823619275378,46.5,Average User
U_999,TikTok,305,15,151,6,2,-0.8293811191549848,0.5682050228387642,66.7,Average User
U_1000,Pinterest,115,17,81,39,1,-0.18336510435994777,1.2121542433770376,49.2,Average User
